"plot","Tree.number","1982","1983","1984","1985","1986","1987","1988","1989","1990","1991","1992","1993","1994","1995","1996","1997","1998","1999","2000","2001","2002","2003","2004","2005","2006","2007","2008","2009","2010","2011","2012","2013","2014","site","id","Species","X.coord","Y.coord","T1_DBH","T1_BasalArea","Tree.CX.code","Leaf.Cx","Leaf.Density","Stem","Insects","Meristem","T2_DBH","T2_BasalArea","Tree.height","DBH_inc","X.x","X.1","max","height.ratio","X.y","Y.x","UTME.x","UTMN.x","Lat.x","Lon.x","total_jan","total_feb","total_mar","total_apr","total_may","total_jun","total_jul","total_aug","total_sep","total_oct","total_nov","total_dec","hours_jan","hours_feb","hours_mar","hours_apr","hours_may","hours_jun","hours_jul","hours_aug","hours_sep","hours_oct","hours_nov","hours_dec","total","X","Y.y","UTME.y","UTMN.y","Lat.y","Lon.y","Slope","Aspect","TWI","Prof_curv","Plan_curv","DEM","Cat_slope","Cat_area","MCat_area","Gen_curv"
"113","1366",1.18,1.42,1.455,1.26,1.485,1.135,1.51,0.93,0.865,1.515,1.25,1.24,0.775,1.105,0.755,1.06,0.875,1.33,0.69,0.91,0,0.34,0.65,0.335,0.2,0.485,0.365,0.415,0.995,0.42,0.425,0.025,2014,"113.rwl","1131366A","PIPO",2,34,31.4,774.3705191,"LG","2",2,2,2,2,35.5,989.7971994,15.39,4.1,NA,"",21.16,0.727315689981096,353194,3962859,353194,3962859,35.79887657,-106.6246832,101301.6436,126323.196,192852.8369,236600.1309,270571.5049,284180.7822,285916.3008,256856.6182,204316.3296,157445.4702,107880.3389,89923.81592,296.5,294,360.5,384.5,416,420,434,411,364,338,293.5,286.5,-0.0917464525005568,353194,3962859,353194,3962859,35.79887657,-106.6246832,-0.806473995945737,1.08166270113045,0.479254894395522,0.0026,0.04465,2556.16992,0.05938,254.97232,323.09384,0.01219
"113","1401",0.565,0.915,0.595,0.855,0.925,0.85,0.985,0.39,0.615,0.635,0.73,0.57,0.72,0.75,0.205,0.835,0.47,0.865,0.235,0.37,0,0.27,0.325,0.34,0.265,0.75,0.66,0.63,0.655,0.145,0.425,0.37,2014,"113.rwl","1131401A","PIPO",33.4,38.9,40.1,1262.927034,"LF","2",1,1,2,1.5,40.2,1269.233776,17.54,0.1,NA,"",21.16,0.828922495274102,353194,3962859,353194,3962859,35.79887657,-106.6246832,101301.6436,126323.196,192852.8369,236600.1309,270571.5049,284180.7822,285916.3008,256856.6182,204316.3296,157445.4702,107880.3389,89923.81592,296.5,294,360.5,384.5,416,420,434,411,364,338,293.5,286.5,-0.0917464525005568,353194,3962859,353194,3962859,35.79887657,-106.6246832,-0.806473995945737,1.08166270113045,0.479254894395522,0.0026,0.04465,2556.16992,0.05938,254.97232,323.09384,0.01219
"113","1402",0.725,1.205,0.86,0.965,1.08,0.825,1.155,0.605,0.78,0.545,0.86,0.625,0.5,0.68,0.175,0.755,0.605,0.655,0.26,0.52,0,0.335,0.345,0.44,0,0.525,0.445,0.45,0.505,0.1,0.43,0,2014,"113.rwl","1131402A","PIPO",31.5,38.5,40.5,1288.248249,"LF","2",1,1,2,2,42.4,1411.95621,18.63,1.9,NA,"",21.16,0.880434782608696,353194,3962859,353194,3962859,35.79887657,-106.6246832,101301.6436,126323.196,192852.8369,236600.1309,270571.5049,284180.7822,285916.3008,256856.6182,204316.3296,157445.4702,107880.3389,89923.81592,296.5,294,360.5,384.5,416,420,434,411,364,338,293.5,286.5,-0.0917464525005568,353194,3962859,353194,3962859,35.79887657,-106.6246832,-0.806473995945737,1.08166270113045,0.479254894395522,0.0026,0.04465,2556.16992,0.05938,254.97232,323.09384,0.01219
"113","1403",1.12,1.25,1.18,1.21,1.02,0.78,1.01,0.71,0.5,0.755,0.875,1.01,0.69,1.155,0.38,1.005,0.61,0.565,0.35,0.605,0,0.43,0.415,0.715,0.29,0.975,1.315,1.54,1.425,0.215,0.63,0.05,2014,"113.rwl","1131403A","PIPO",28.5,40.2,42.1,1392.046383,"LF","2",2,2,2,2,42.3,1405.303893,15.79,0.2,NA,"",21.16,0.746219281663516,353194,3962859,353194,3962859,35.79887657,-106.6246832,101301.6436,126323.196,192852.8369,236600.1309,270571.5049,284180.7822,285916.3008,256856.6182,204316.3296,157445.4702,107880.3389,89923.81592,296.5,294,360.5,384.5,416,420,434,411,364,338,293.5,286.5,-0.0917464525005568,353194,3962859,353194,3962859,35.79887657,-106.6246832,-0.806473995945737,1.08166270113045,0.479254894395522,0.0026,0.04465,2556.16992,0.05938,254.97232,323.09384,0.01219
"113","1404",1.45,1.805,2.125,2.445,2.165,1.125,0.665,0.22,0.505,1.085,1.445,1.46,1.18,1.615,0.715,1.39,0.89,1.09,0.375,0.52,0,0.285,0.445,0.445,0.18,0.845,0.92,0.92,1.355,0.58,0.775,0.095,2014,"113.rwl","1131404A","PIPO",26.8,35.2,29.5,683.4921744,"LF","2",2,1,2,1.5,31.1,759.644316,9.76,1.6,NA,"",21.16,0.46124763705104,353194,3962859,353194,3962859,35.79887657,-106.6246832,101301.6436,126323.196,192852.8369,236600.1309,270571.5049,284180.7822,285916.3008,256856.6182,204316.3296,157445.4702,107880.3389,89923.81592,296.5,294,360.5,384.5,416,420,434,411,364,338,293.5,286.5,-0.0917464525005568,353194,3962859,353194,3962859,35.79887657,-106.6246832,-0.806473995945737,1.08166270113045,0.479254894395522,0.0026,0.04465,2556.16992,0.05938,254.97232,323.09384,0.01219
"113","1405",0.25,0.31,0.22,0.425,0.59,0.425,0.795,0.545,0.455,0.665,0.635,0.565,0.525,0.575,0.28,0.575,0.44,0.535,0.215,0.3,0.235,0.355,0.43,0.305,0.145,0.285,0.275,0.49,0.535,0.105,0.425,0,2014,"113.rwl","1131405A","PIPO",27.2,35.8,25.5,510.7047244,"LG","2",2,2,2,2,27.2,581.0684864,12.49,1.7,NA,"",21.16,0.590264650283554,353194,3962859,353194,3962859,35.79887657,-106.6246832,101301.6436,126323.196,192852.8369,236600.1309,270571.5049,284180.7822,285916.3008,256856.6182,204316.3296,157445.4702,107880.3389,89923.81592,296.5,294,360.5,384.5,416,420,434,411,364,338,293.5,286.5,-0.0917464525005568,353194,3962859,353194,3962859,35.79887657,-106.6246832,-0.806473995945737,1.08166270113045,0.479254894395522,0.0026,0.04465,2556.16992,0.05938,254.97232,323.09384,0.01219
"113","1406",0.285,0.345,0.28,0.285,0.515,0.44,0.445,0.325,0.41,0.375,0.43,0.425,0.24,0.65,0,0.54,0.34,0.535,0.3,0.425,0,0.155,0.225,0.335,0,0.465,0.485,0.495,0.61,0.23,0.325,0.205,2014,"113.rwl","1131406A","PIPO",23.4,49.2,36.3,1034.910432,"LG","2",1,1,2,2,37.2,1086.864476,18.05,0.9,NA,"",21.16,0.853024574669187,353194,3962859,353194,3962859,35.79887657,-106.6246832,101301.6436,126323.196,192852.8369,236600.1309,270571.5049,284180.7822,285916.3008,256856.6182,204316.3296,157445.4702,107880.3389,89923.81592,296.5,294,360.5,384.5,416,420,434,411,364,338,293.5,286.5,-0.0917464525005568,353194,3962859,353194,3962859,35.79887657,-106.6246832,-0.806473995945737,1.08166270113045,0.479254894395522,0.0026,0.04465,2556.16992,0.05938,254.97232,323.09384,0.01219
"113","1407",1.18,1.075,0.855,0.935,1.145,0.84,1.265,0.85,0.77,1.09,0.845,1.13,0.885,1.19,0.59,0.82,0.64,0.715,0.515,0.855,0,0.455,0.675,0.475,0.275,0.855,0.84,1.365,1.475,0.595,0.655,0.32,2014,"113.rwl","1131407A","PIPO",13.5,43.9,27.9,611.361268,"LE","2",2,2,2,2,31.1,759.644316,12.32,3.2,NA,"",21.16,0.582230623818526,353194,3962859,353194,3962859,35.79887657,-106.6246832,101301.6436,126323.196,192852.8369,236600.1309,270571.5049,284180.7822,285916.3008,256856.6182,204316.3296,157445.4702,107880.3389,89923.81592,296.5,294,360.5,384.5,416,420,434,411,364,338,293.5,286.5,-0.0917464525005568,353194,3962859,353194,3962859,35.79887657,-106.6246832,-0.806473995945737,1.08166270113045,0.479254894395522,0.0026,0.04465,2556.16992,0.05938,254.97232,323.09384,0.01219
"113","1408",1.195,1.145,0.93,0.79,0.94,0.62,0.64,0.605,0.54,0.77,0.49,0.605,0.525,0.525,0.29,0.28,0.275,0.235,0.055,0.285,0,0.175,0.085,0.105,0,0.115,0.17,0.08,0.15,0,0.17,0,2014,"113.rwl","1131408A","PIPO",8.7,40.5,39.6,1231.628944,"LF","1",1,2,1,2,39.5,1225.416449,16.52,-0.1,NA,"",21.16,0.780718336483932,353194,3962859,353194,3962859,35.79887657,-106.6246832,101301.6436,126323.196,192852.8369,236600.1309,270571.5049,284180.7822,285916.3008,256856.6182,204316.3296,157445.4702,107880.3389,89923.81592,296.5,294,360.5,384.5,416,420,434,411,364,338,293.5,286.5,-0.0917464525005568,353194,3962859,353194,3962859,35.79887657,-106.6246832,-0.806473995945737,1.08166270113045,0.479254894395522,0.0026,0.04465,2556.16992,0.05938,254.97232,323.09384,0.01219
"113","1410",0.655,0.53,0.45,0.655,0.915,0.7,0.58,0.4,0.43,0.575,0.65,0.615,0.455,0.575,0.37,0.665,0.565,0.72,0.51,0.39,0.08,0.29,0.43,0.5,0.425,1.075,1.295,1.585,1.295,0.74,0.85,0.705,2014,"113.rwl","1131410A","PIPO",0.2,42.3,33.7,891.9680868,"LG","2",2,1.5,2,2,35.4,984.2287311,8.65,1.7,NA,"",21.16,0.408790170132325,353194,3962859,353194,3962859,35.79887657,-106.6246832,101301.6436,126323.196,192852.8369,236600.1309,270571.5049,284180.7822,285916.3008,256856.6182,204316.3296,157445.4702,107880.3389,89923.81592,296.5,294,360.5,384.5,416,420,434,411,364,338,293.5,286.5,-0.0917464525005568,353194,3962859,353194,3962859,35.79887657,-106.6246832,-0.806473995945737,1.08166270113045,0.479254894395522,0.0026,0.04465,2556.16992,0.05938,254.97232,323.09384,0.01219
"113","1417",1.435,1.87,1.7,1.98,1.83,1.69,2.24,1.16,1.535,1.705,1.63,0.995,0.785,1.21,0.39,0.935,0.95,1.17,0.385,0.74,0,0.26,0.345,0.47,0.23,0.785,1.1,1.07,1.265,0.84,1.33,0.395,2014,"113.rwl","1131417A","PIPO",14.1,5.8,50.2,1979.233116,"LG","2",2,1,2,2,51.6,2091.167968,18.9,1.4,NA,"",21.16,0.893194706994329,353194,3962859,353194,3962859,35.79887657,-106.6246832,101301.6436,126323.196,192852.8369,236600.1309,270571.5049,284180.7822,285916.3008,256856.6182,204316.3296,157445.4702,107880.3389,89923.81592,296.5,294,360.5,384.5,416,420,434,411,364,338,293.5,286.5,-0.0917464525005568,353194,3962859,353194,3962859,35.79887657,-106.6246832,-0.806473995945737,1.08166270113045,0.479254894395522,0.0026,0.04465,2556.16992,0.05938,254.97232,323.09384,0.01219
"113","1419",1.49,1.745,1.06,1.205,1.23,0.985,1.25,0.94,1.25,1.355,1.415,1.195,0.69,1.05,0.215,1.01,0.855,0.66,0.41,0.61,0.13,0.56,0.4,0.685,0.075,0.525,0.35,0.29,0.31,0.07,0.435,0,2014,"113.rwl","1131419A","PIFL",35.1,12.6,43,1452.199978,"LG","2",0.5,1.5,2,0,43.5,1486.168419,13.05,0.5,NA,"x",21.16,0.616729678638941,353194,3962859,353194,3962859,35.79887657,-106.6246832,101301.6436,126323.196,192852.8369,236600.1309,270571.5049,284180.7822,285916.3008,256856.6182,204316.3296,157445.4702,107880.3389,89923.81592,296.5,294,360.5,384.5,416,420,434,411,364,338,293.5,286.5,-0.0917464525005568,353194,3962859,353194,3962859,35.79887657,-106.6246832,-0.806473995945737,1.08166270113045,0.479254894395522,0.0026,0.04465,2556.16992,0.05938,254.97232,323.09384,0.01219
"113","1433",0.985,1.5,1.5,1.855,1.77,1.255,2.15,0.575,1.075,1.685,1.61,1.26,1.105,1.675,0.265,1.345,1.21,1.315,0.4,0.955,0,0.49,0.3,0.37,0.16,0.99,0.9,0.82,0.65,0.14,0.625,0,2014,"113.rwl","1131433A","PIPO",41.8,30.1,48.1,1817.10351,"LG","2",2,2,2,1.5,48.1,1817.10351,16.43,0,NA,"",21.16,0.776465028355388,353194,3962859,353194,3962859,35.79887657,-106.6246832,101301.6436,126323.196,192852.8369,236600.1309,270571.5049,284180.7822,285916.3008,256856.6182,204316.3296,157445.4702,107880.3389,89923.81592,296.5,294,360.5,384.5,416,420,434,411,364,338,293.5,286.5,-0.0917464525005568,353194,3962859,353194,3962859,35.79887657,-106.6246832,-0.806473995945737,1.08166270113045,0.479254894395522,0.0026,0.04465,2556.16992,0.05938,254.97232,323.09384,0.01219
"113","1438",0.795,0.995,0.865,2.005,1.655,1.215,0.995,0.48,0.55,0.795,0.64,0.57,0.59,0.45,0.08,0.545,0.71,0.565,0.125,0.29,0,0.155,0.295,0.385,0,0.375,0.42,0.36,0.33,0.075,0.37,0.145,2014,"113.rwl","1131438A","PIPO",35.3,27.3,30,706.85775,"LF","2",1,1,2,1,30.8,745.0594844,8.02,0.8,NA,"",21.16,0.379017013232514,353194,3962859,353194,3962859,35.79887657,-106.6246832,101301.6436,126323.196,192852.8369,236600.1309,270571.5049,284180.7822,285916.3008,256856.6182,204316.3296,157445.4702,107880.3389,89923.81592,296.5,294,360.5,384.5,416,420,434,411,364,338,293.5,286.5,-0.0917464525005568,353194,3962859,353194,3962859,35.79887657,-106.6246832,-0.806473995945737,1.08166270113045,0.479254894395522,0.0026,0.04465,2556.16992,0.05938,254.97232,323.09384,0.01219
"125","1101",1.665,2.1,2.04,2.415,2.42,1.56,1.795,1.615,1.815,2.195,2.18,1.165,1.41,1.83,0.555,1.565,1.32,1.245,0.425,0.66,0,0.41,0.36,0.435,0,2.065,2.16,3.11,2.375,0,0.525,0.4,2014,"125.rwl","1251101A","PIPO",43.9,11,26.9,568.321485,"LG","2",1,1,2,2,31.6,784.2665276,19.95,4.7,NA,"",28.42,0.701970443349754,353797,3963034,353797,3963034,35.80054376,-106.6180442,149266.0298,167746.9009,229588.2647,257080.0107,276072.7402,281884.708,287185.2988,271535.6826,234056.0972,200178.127,153728.6733,137894.9292,288.5,284.5,348,365.5,394.5,405,414,389,350,328,288.5,279,1.394912085496,353797,3963034,353797,3963034,35.80054376,-106.6180442,0.253573566542769,-1.45924437000384,0.63813746752654,0.00387,0.01912,2562.02002,0.12085,616.62866,1518.35034,0.0148
"125","1104",0.66,0.9,0.645,0.795,0.855,0.775,0.7,0.555,0.41,0.605,0.425,0.24,0.265,0.36,0,0.21,0.14,0.155,0.035,0.205,0,0,0.045,0.125,0,0.105,0.115,0.15,0.14,0,0.255,0.335,2014,"125.rwl","1251104A","PIPO",29,10.8,28.1,620.15772,"LF","2",1,1,2,2,28.4,633.4702076,16.53,0.3,NA,"",28.42,0.581632653061224,353797,3963034,353797,3963034,35.80054376,-106.6180442,149266.0298,167746.9009,229588.2647,257080.0107,276072.7402,281884.708,287185.2988,271535.6826,234056.0972,200178.127,153728.6733,137894.9292,288.5,284.5,348,365.5,394.5,405,414,389,350,328,288.5,279,1.394912085496,353797,3963034,353797,3963034,35.80054376,-106.6180442,0.253573566542769,-1.45924437000384,0.63813746752654,0.00387,0.01912,2562.02002,0.12085,616.62866,1518.35034,0.0148
"125","1107",1.025,1.435,1.235,1.065,1.5,1.17,1.27,0.485,0.625,0.825,0.85,0.715,0.655,0.87,0,0.875,0.365,0.555,0.11,0.45,0,0,0.26,0.3,0,0.29,0.475,0.53,0.625,0,0.55,0.58,2014,"125.rwl","1251107a","PIPO",25.3,9.2,62.5,3067.958984,"LE","2",2,2,2,2,59.6,2789.857584,18.59,-2.9,NA,"",28.42,0.65411681914145,353797,3963034,353797,3963034,35.80054376,-106.6180442,149266.0298,167746.9009,229588.2647,257080.0107,276072.7402,281884.708,287185.2988,271535.6826,234056.0972,200178.127,153728.6733,137894.9292,288.5,284.5,348,365.5,394.5,405,414,389,350,328,288.5,279,1.394912085496,353797,3963034,353797,3963034,35.80054376,-106.6180442,0.253573566542769,-1.45924437000384,0.63813746752654,0.00387,0.01912,2562.02002,0.12085,616.62866,1518.35034,0.0148
"125","1133",1.645,1.97,1.705,2.19,2.06,1.595,1.71,0.87,1.295,1.39,2,1.635,1.68,1.56,0.895,1.795,1.45,1.7,0.835,1.595,0.4,0.73,1.225,1.455,0,1.055,2.68,2.405,2.66,0,3.08,1.955,2014,"125.rwl","1251133A","PIPO",15.8,25.2,28,615.75164,"LG","2",2,1.5,2,2,32.1,809.281438,17.26,4.1,NA,"",28.42,0.607318789584799,353797,3963034,353797,3963034,35.80054376,-106.6180442,149266.0298,167746.9009,229588.2647,257080.0107,276072.7402,281884.708,287185.2988,271535.6826,234056.0972,200178.127,153728.6733,137894.9292,288.5,284.5,348,365.5,394.5,405,414,389,350,328,288.5,279,1.394912085496,353797,3963034,353797,3963034,35.80054376,-106.6180442,0.253573566542769,-1.45924437000384,0.63813746752654,0.00387,0.01912,2562.02002,0.12085,616.62866,1518.35034,0.0148
"125","1149",1.165,1.57,1.115,1.47,1.645,1.1,0.98,0.335,0.3,0.315,0.35,0.285,0.265,0.34,0.06,0.385,0.355,0.435,0.205,0.2,0,0,0.215,0.265,0,0.28,0.36,0.32,0.285,0,0.7,0.445,2014,"125.rwl","1251149A","PIPO",4,0.3,31.8,794.2253679,"LP","2",1,1,2,0,32.8,844.9620464,18.84,1,NA,"",28.42,0.662913441238564,353797,3963034,353797,3963034,35.80054376,-106.6180442,149266.0298,167746.9009,229588.2647,257080.0107,276072.7402,281884.708,287185.2988,271535.6826,234056.0972,200178.127,153728.6733,137894.9292,288.5,284.5,348,365.5,394.5,405,414,389,350,328,288.5,279,1.394912085496,353797,3963034,353797,3963034,35.80054376,-106.6180442,0.253573566542769,-1.45924437000384,0.63813746752654,0.00387,0.01912,2562.02002,0.12085,616.62866,1518.35034,0.0148
"125","1248",0.415,0.585,0.625,0.52,0.685,0.575,0.355,0.185,0.47,0.395,0.465,0.45,0.295,0.435,0.095,0.385,0.39,0.315,0.14,0.355,0,0.135,0.255,0.23,0.105,0.525,0.425,0.575,1,0,0.82,0.9,2014,"125.rwl","1251248N","PIPO",29.6,49.5,54.8,2358.580108,"LF","2",1.5,2,2,2,53.7,2264.842917,23.91,-1.1,NA,"",28.42,0.841308937368051,353797,3963034,353797,3963034,35.80054376,-106.6180442,149266.0298,167746.9009,229588.2647,257080.0107,276072.7402,281884.708,287185.2988,271535.6826,234056.0972,200178.127,153728.6733,137894.9292,288.5,284.5,348,365.5,394.5,405,414,389,350,328,288.5,279,1.394912085496,353797,3963034,353797,3963034,35.80054376,-106.6180442,0.253573566542769,-1.45924437000384,0.63813746752654,0.00387,0.01912,2562.02002,0.12085,616.62866,1518.35034,0.0148
"125","1283",2.08,3.02,1.915,2.685,2.265,1.575,2.19,0.67,1.265,2.055,2.55,2.25,1.66,2.83,1.35,2.7,1.6,2.71,1.02,2.06,0.105,0.245,0.86,1.39,0,1.075,1.855,1.81,2.34,0,2.675,1.18,2014,"125.rwl","1251283A","PIPO",10.7,23,27.6,598.2843996,"LG","2",1,1,2,2,30.5,730.6160244,17.82,2.9,NA,"",28.42,0.627023223082336,353797,3963034,353797,3963034,35.80054376,-106.6180442,149266.0298,167746.9009,229588.2647,257080.0107,276072.7402,281884.708,287185.2988,271535.6826,234056.0972,200178.127,153728.6733,137894.9292,288.5,284.5,348,365.5,394.5,405,414,389,350,328,288.5,279,1.394912085496,353797,3963034,353797,3963034,35.80054376,-106.6180442,0.253573566542769,-1.45924437000384,0.63813746752654,0.00387,0.01912,2562.02002,0.12085,616.62866,1518.35034,0.0148
"125","1289",2.265,2.945,2.475,2.51,2.775,2.09,2.53,1.495,1.8,1.965,3.07,1.915,1.87,2.255,0.65,1.945,1.595,2.05,0.865,1.37,0,0.345,1.03,0.81,0.46,1.45,1.56,2.095,2.305,0.815,1.6,0.64,2014,"125.rwl","1251289A","PIPO",10.8,30.1,29.1,665.082457,"LG","2",2,2,2,2,33.3,870.9194338,17.12,4.2,NA,"",28.42,0.602392681210415,353797,3963034,353797,3963034,35.80054376,-106.6180442,149266.0298,167746.9009,229588.2647,257080.0107,276072.7402,281884.708,287185.2988,271535.6826,234056.0972,200178.127,153728.6733,137894.9292,288.5,284.5,348,365.5,394.5,405,414,389,350,328,288.5,279,1.394912085496,353797,3963034,353797,3963034,35.80054376,-106.6180442,0.253573566542769,-1.45924437000384,0.63813746752654,0.00387,0.01912,2562.02002,0.12085,616.62866,1518.35034,0.0148
"125","1291",0.755,1.255,1.105,1.185,1.61,1.415,1.6,0.88,1.015,0.86,1.155,1.245,0.815,1.21,0.38,0.785,0.695,0.485,0.32,0.435,0,0.135,0.365,0.205,0,0.44,0.275,0.34,0.37,0,0.725,0.08,2014,"125.rwl","1251291A","PIPO",31.9,15.4,46.5,1698.225744,"LG","2",1,1.5,2,1,47,1734.943078,23.73,0.5,NA,"",28.42,0.834975369458128,353797,3963034,353797,3963034,35.80054376,-106.6180442,149266.0298,167746.9009,229588.2647,257080.0107,276072.7402,281884.708,287185.2988,271535.6826,234056.0972,200178.127,153728.6733,137894.9292,288.5,284.5,348,365.5,394.5,405,414,389,350,328,288.5,279,1.394912085496,353797,3963034,353797,3963034,35.80054376,-106.6180442,0.253573566542769,-1.45924437000384,0.63813746752654,0.00387,0.01912,2562.02002,0.12085,616.62866,1518.35034,0.0148
"125","1293",0.6,1.06,0.74,1.015,1.045,0.665,0.435,0.405,0.89,0.805,0.95,0.845,0.555,0.805,0.04,0.62,0.39,0.35,0.055,0.145,0,0.105,0.25,0.245,0,0.2,0.245,0.375,0.78,0.125,0.345,0.075,2014,"125.rwl","1251293N","PIPO",29,23.1,53,2206.181578,"LE","2",2,2,2,2,54,2290.21911,21.16,1,NA,"",28.42,0.744546094299789,353797,3963034,353797,3963034,35.80054376,-106.6180442,149266.0298,167746.9009,229588.2647,257080.0107,276072.7402,281884.708,287185.2988,271535.6826,234056.0972,200178.127,153728.6733,137894.9292,288.5,284.5,348,365.5,394.5,405,414,389,350,328,288.5,279,1.394912085496,353797,3963034,353797,3963034,35.80054376,-106.6180442,0.253573566542769,-1.45924437000384,0.63813746752654,0.00387,0.01912,2562.02002,0.12085,616.62866,1518.35034,0.0148
"125","1297",1.105,1.095,0.925,0.89,0.81,0.585,0.77,0.43,0.595,0.64,0.575,0.715,0.54,0.5,0.145,0.595,0.47,0.42,0.26,0.42,0,0.285,0.32,0.58,0.355,1.18,0.85,1.315,1.41,0.785,1.32,0.92,2014,"125.rwl","1251297A","PIPO",39.8,14.9,28.3,629.0170038,"LG","2",2,1,2,1,30.4,725.8329536,15.58,2.1,NA,"",28.42,0.548205489092189,353797,3963034,353797,3963034,35.80054376,-106.6180442,149266.0298,167746.9009,229588.2647,257080.0107,276072.7402,281884.708,287185.2988,271535.6826,234056.0972,200178.127,153728.6733,137894.9292,288.5,284.5,348,365.5,394.5,405,414,389,350,328,288.5,279,1.394912085496,353797,3963034,353797,3963034,35.80054376,-106.6180442,0.253573566542769,-1.45924437000384,0.63813746752654,0.00387,0.01912,2562.02002,0.12085,616.62866,1518.35034,0.0148
"125","1607",1.365,2.465,2.125,2.77,3.295,2.47,2.48,1.34,1.45,2.58,3.34,2.615,2.2,1.95,0.58,1.69,1.47,2.27,1.39,2.175,0.42,0.615,0.66,0.79,0.55,2.13,2.8,3.33,3.82,1.175,2.435,0.295,2014,"125.rwl","1251607A","PIPO",10.1,37.8,36.2,1029.2163,"LG","2",1,1,2,2,37,1075.209178,21.54,0.8,NA,"",28.42,0.757916959887403,353797,3963034,353797,3963034,35.80054376,-106.6180442,149266.0298,167746.9009,229588.2647,257080.0107,276072.7402,281884.708,287185.2988,271535.6826,234056.0972,200178.127,153728.6733,137894.9292,288.5,284.5,348,365.5,394.5,405,414,389,350,328,288.5,279,1.394912085496,353797,3963034,353797,3963034,35.80054376,-106.6180442,0.253573566542769,-1.45924437000384,0.63813746752654,0.00387,0.01912,2562.02002,0.12085,616.62866,1518.35034,0.0148
"127","2015",1.29,2.395,1.875,2.475,2.38,1.975,2.32,1.255,0.93,1,1.165,0.575,0.4,0.44,0.15,0.44,0.275,0.615,0.175,0.39,0,0.135,0.32,0.21,0.15,0.415,0.485,0.35,0.325,0.245,0.43,0.245,2014,"127.rwl","1272015A","ABCO",35.5,21.6,35.6,995.3813756,"","2",2,2,2,2,35.8,1006.596852,19.13,0.2,NA,"",31.87,0.600251019767807,352398,3963263,352398,3963263,35.8023983,-106.6335638,117780.1829,140706.9243,205942.8853,244442.7041,273585.4805,284504.6104,287542.0244,262861.3828,215146.3179,172384.2349,123646.0532,106292.3064,295.5,291,355,376.5,404.5,418,422.5,401.5,357,335.5,292.5,294.5,0.448503989383471,352398,3963263,352398,3963263,35.8023983,-106.6335638,-0.867619954228426,0.025073765326572,0.903823004116438,8e-05,0.00444,2553.44995,0.06691,450.06104,605.49896,8e-04
"127","2068",1.005,1.845,1.32,1.705,1.5,1.58,1.53,1.165,1.025,1.015,1.27,1.24,0.98,1.285,0.56,1.255,0.935,1.215,0.73,0.87,0.19,0.355,0.64,1.155,0.495,1.39,1.355,1.15,1.31,0.35,1.025,0.43,2014,"127.rwl","1272068A","PIPO",6.7,48.5,35,962.1119375,"2","2",2,2,2,2,37.8,1122.207364,23.49,2.8,NA,"x",31.87,0.737056793222466,352398,3963263,352398,3963263,35.8023983,-106.6335638,117780.1829,140706.9243,205942.8853,244442.7041,273585.4805,284504.6104,287542.0244,262861.3828,215146.3179,172384.2349,123646.0532,106292.3064,295.5,291,355,376.5,404.5,418,422.5,401.5,357,335.5,292.5,294.5,0.448503989383471,352398,3963263,352398,3963263,35.8023983,-106.6335638,-0.867619954228426,0.025073765326572,0.903823004116438,8e-05,0.00444,2553.44995,0.06691,450.06104,605.49896,8e-04
"127","2083",0.98,1.325,0.9,1.04,1.37,1.06,1.38,0.46,0.525,1.25,1.335,1.295,1.11,1.76,0.895,1.36,1.235,1.3,0.74,0.97,0.145,0.425,0.785,1.075,0.505,1.335,0.78,1.04,1.28,0.465,0.905,0,2014,"127.rwl","1272083A","PIPO",37.2,46.5,29.2,669.6613244,"","2",1,1,2,2,31.8,794.2253679,23.7,2.6,NA,"x",31.87,0.743646062127392,352398,3963263,352398,3963263,35.8023983,-106.6335638,117780.1829,140706.9243,205942.8853,244442.7041,273585.4805,284504.6104,287542.0244,262861.3828,215146.3179,172384.2349,123646.0532,106292.3064,295.5,291,355,376.5,404.5,418,422.5,401.5,357,335.5,292.5,294.5,0.448503989383471,352398,3963263,352398,3963263,35.8023983,-106.6335638,-0.867619954228426,0.025073765326572,0.903823004116438,8e-05,0.00444,2553.44995,0.06691,450.06104,605.49896,8e-04
"127","2090",2.325,2.54,2.85,2.92,3.5,2.545,2.59,2.13,1.725,2.3,1.995,1.82,1.185,1.88,1.035,1.335,0.89,1.245,0.505,0.795,0.045,0.225,0.405,0.4,0.22,0.57,0.585,0.615,0.64,0.335,0.64,0.16,2014,"127.rwl","1272090A","PIPO",44.3,48.2,56.5,2507.185169,"","2",2,2,2,2,58.2,2660.329828,28.97,1.7,NA,"DFI",31.87,0.909005334170066,352398,3963263,352398,3963263,35.8023983,-106.6335638,117780.1829,140706.9243,205942.8853,244442.7041,273585.4805,284504.6104,287542.0244,262861.3828,215146.3179,172384.2349,123646.0532,106292.3064,295.5,291,355,376.5,404.5,418,422.5,401.5,357,335.5,292.5,294.5,0.448503989383471,352398,3963263,352398,3963263,35.8023983,-106.6335638,-0.867619954228426,0.025073765326572,0.903823004116438,8e-05,0.00444,2553.44995,0.06691,450.06104,605.49896,8e-04
"127","2200",1.875,2.69,2.135,2.485,2.33,2.205,2.15,2.89,1.54,2.305,2.62,1.27,0.885,1.12,0.715,1.43,1.755,2.02,1.57,2.065,0.47,1.375,1.705,1.345,1.155,2.96,2.59,1.685,2.24,0.785,2.135,0.465,2014,"127.rwl","1272200A","PIPO",34.5,2.5,81.5,5216.806544,"","2",2,2,2,2,79.1,4914.082932,31.36,-2.4,NA,"DSI",31.87,0.983997489802322,352398,3963263,352398,3963263,35.8023983,-106.6335638,117780.1829,140706.9243,205942.8853,244442.7041,273585.4805,284504.6104,287542.0244,262861.3828,215146.3179,172384.2349,123646.0532,106292.3064,295.5,291,355,376.5,404.5,418,422.5,401.5,357,335.5,292.5,294.5,0.448503989383471,352398,3963263,352398,3963263,35.8023983,-106.6335638,-0.867619954228426,0.025073765326572,0.903823004116438,8e-05,0.00444,2553.44995,0.06691,450.06104,605.49896,8e-04
"127","5998",0.765,1.225,0.97,1.695,1.59,1.435,1.92,1.205,1.235,1.155,1.8,1.125,0.945,1.33,0.475,1.59,0.83,0.75,0.27,0.685,0.08,0.23,0.555,0.5,0.365,1.135,1.49,1.275,1.13,0.31,0.63,0.32,2014,"127.rwl","1275998A","PIFL",32,20,11.3,100.2874068,"","2",2,1,2,2,11.5,103.8688194,11.05,0.2,NA,"",31.87,0.346721054283025,352398,3963263,352398,3963263,35.8023983,-106.6335638,117780.1829,140706.9243,205942.8853,244442.7041,273585.4805,284504.6104,287542.0244,262861.3828,215146.3179,172384.2349,123646.0532,106292.3064,295.5,291,355,376.5,404.5,418,422.5,401.5,357,335.5,292.5,294.5,0.448503989383471,352398,3963263,352398,3963263,35.8023983,-106.6335638,-0.867619954228426,0.025073765326572,0.903823004116438,8e-05,0.00444,2553.44995,0.06691,450.06104,605.49896,8e-04
"137","2126",1.5,2.11,1.905,3.45,3.565,2.805,2.9,1.62,2.525,2.535,2.2,1.52,2.145,2.23,0.95,2.385,1.88,2.6,1.08,1.235,0.285,0.955,1.185,0.72,0.44,2.095,1.825,1.49,1.72,0.82,1.36,0.615,2014,"137.rwl","1372126A","PSME",39.6,1.8,20.5,330.0632994,"LG","2",2,2,2,2,24.2,459.9601919,13.3,3.7,NA,"",21.3,0.624413145539906,352595,3963459,352595,3963459,35.80419437,-106.6314204,39341.18878,65244.42163,127177.0991,184852.9531,233594.4941,255512.2422,252590.3823,209920.4609,145172.5967,90200.53296,46189.65857,31010.23926,211,232,309,350.5,380.5,390,399.5,375.5,321.5,278,216,192,-2.92745894517428,352595,3963459,352595,3963459,35.80419437,-106.6314204,3.17276786061381,0.906726996525923,-1.38247830864688,0.00993,0.01676,2550.84009,0.20853,695.11151,695.11151,0.04241
"137","2129",1.3,1.305,1.15,1.03,0.99,1.02,1.03,0.72,0.755,0.915,0.915,0.875,0.84,1.045,0.49,1.25,0.795,1.12,0.47,0.595,0,0.21,0.685,0.375,0,0.635,0.88,0.72,0.745,0.24,0.63,0.245,2014,"137.rwl","1372129A","PIPO",1,44.7,26.9,568.321485,"LG","1",2,2,2,2,28.4,633.4702076,12.43,1.5,NA,"",21.3,0.583568075117371,352595,3963459,352595,3963459,35.80419437,-106.6314204,39341.18878,65244.42163,127177.0991,184852.9531,233594.4941,255512.2422,252590.3823,209920.4609,145172.5967,90200.53296,46189.65857,31010.23926,211,232,309,350.5,380.5,390,399.5,375.5,321.5,278,216,192,-2.92745894517428,352595,3963459,352595,3963459,35.80419437,-106.6314204,3.17276786061381,0.906726996525923,-1.38247830864688,0.00993,0.01676,2550.84009,0.20853,695.11151,695.11151,0.04241
"137","2175",3.18,4.71,5.935,4.08,4.46,4.265,5.225,2.895,2.675,3.03,2.525,2.285,2.255,2.955,0.635,2.535,1.45,2.145,0.55,2.205,0,2.67,2.3,1.59,1.59,1.92,2.41,2.065,1.65,0.375,1.085,0.485,2014,"137.rwl","1372175A","PIFL",3.3,25.3,20.9,343.069482,"LE","2",2,2,2,2,24.5,471.4348494,10.95,3.6,NA,"x",21.3,0.514084507042254,352595,3963459,352595,3963459,35.80419437,-106.6314204,39341.18878,65244.42163,127177.0991,184852.9531,233594.4941,255512.2422,252590.3823,209920.4609,145172.5967,90200.53296,46189.65857,31010.23926,211,232,309,350.5,380.5,390,399.5,375.5,321.5,278,216,192,-2.92745894517428,352595,3963459,352595,3963459,35.80419437,-106.6314204,3.17276786061381,0.906726996525923,-1.38247830864688,0.00993,0.01676,2550.84009,0.20853,695.11151,695.11151,0.04241
"137","2180",0.55,0.7,0.725,0.88,0.955,0.885,0.97,0.42,0.675,0.705,0.68,0.655,0.48,0.89,0.23,0.885,0.46,0.515,0.13,0.56,0,0.16,0.39,0.315,0.195,0.545,0.42,0.46,0.485,0.165,0.465,0.17,2014,"137.rwl","1372180A","PIPO",19.8,34,56.1,2471.810866,"LG","2",2,2,2,2,56.8,2533.88083,21.3,0.7,NA,"",21.3,1,352595,3963459,352595,3963459,35.80419437,-106.6314204,39341.18878,65244.42163,127177.0991,184852.9531,233594.4941,255512.2422,252590.3823,209920.4609,145172.5967,90200.53296,46189.65857,31010.23926,211,232,309,350.5,380.5,390,399.5,375.5,321.5,278,216,192,-2.92745894517428,352595,3963459,352595,3963459,35.80419437,-106.6314204,3.17276786061381,0.906726996525923,-1.38247830864688,0.00993,0.01676,2550.84009,0.20853,695.11151,695.11151,0.04241
"143","2558",0.345,0.56,0.44,0.57,0.67,0.325,0.775,0.27,0.31,0.57,0.56,0.475,0.21,0.485,0,0.41,0.265,0.365,0.115,0.28,0,0,0.275,0.315,0,0.405,0.585,1.005,0.75,0.175,0.52,0.41,2014,"143.rwl","1432558A","PIPO",25.8,37,52.1,2131.890828,"LE","2",2,2,2,2,53.8,2273.28594,20.4,1.7,NA,"",27.75,0.735135135135135,353799,3963446,353799,3963446,35.80425727,-106.6180974,113099.2954,136760.9898,202564.3447,242709.6514,273332.5811,285200.0518,287773.707,261715.2627,212441.1182,168346.5977,119234.7222,101631.5759,305.5,298,363,386,416,420,434,410.5,367,343.5,301.5,295.5,0.314074126332588,353799,3963446,353799,3963446,35.80425727,-106.6180974,-1.1807580263018,0.601485366703868,3.43401508491515,0.00315,0.04658,2573.28003,0.01924,548.96088,594.23358,0.01041
"143","2562",1.21,1.35,0.995,1.28,1.385,1.195,1.765,0.415,1.275,1.475,1.375,1.165,0.755,1.065,0.365,0.865,0.585,0.86,0.285,0.475,0,0.195,0.28,0.37,0.35,0.55,1.015,2.72,3.23,2.99,3.185,2.415,2014,"143.rwl","1432562A","PIPO",15.1,8.6,41.5,1352.650844,"LE","1.5",2,2,1,2,46.9,1727.568195,14.78,5.4,NA,"",27.75,0.532612612612613,353799,3963446,353799,3963446,35.80425727,-106.6180974,113099.2954,136760.9898,202564.3447,242709.6514,273332.5811,285200.0518,287773.707,261715.2627,212441.1182,168346.5977,119234.7222,101631.5759,305.5,298,363,386,416,420,434,410.5,367,343.5,301.5,295.5,0.314074126332588,353799,3963446,353799,3963446,35.80425727,-106.6180974,-1.1807580263018,0.601485366703868,3.43401508491515,0.00315,0.04658,2573.28003,0.01924,548.96088,594.23358,0.01041
"143","2563",1.255,1.9,1.48,1.64,1.69,1.345,1.82,1.045,1.465,1.65,1.635,1.65,1.13,2.025,0.795,1.59,1.03,1.345,0.385,0.9,0,0.46,0.545,0.455,0.215,0.995,0.995,2.595,2.225,1.465,2.175,0.96,2014,"143.rwl","1432563A","PIPO",24.2,7.3,61,2922.464098,"LE","2",2,2,2,2,63.4,3156.952375,27.75,2.4,NA,"",27.75,1,353799,3963446,353799,3963446,35.80425727,-106.6180974,113099.2954,136760.9898,202564.3447,242709.6514,273332.5811,285200.0518,287773.707,261715.2627,212441.1182,168346.5977,119234.7222,101631.5759,305.5,298,363,386,416,420,434,410.5,367,343.5,301.5,295.5,0.314074126332588,353799,3963446,353799,3963446,35.80425727,-106.6180974,-1.1807580263018,0.601485366703868,3.43401508491515,0.00315,0.04658,2573.28003,0.01924,548.96088,594.23358,0.01041
"145","1941",0.645,0.855,0.325,0.86,0.825,0.675,0.825,0.305,0.765,1.255,1.135,0.735,0.865,0.8,0.22,0.89,0.36,0.88,0.24,0.465,0,0.075,0.355,0.555,0,0.415,0.635,0.47,0.61,0.28,0.305,0.175,2014,"145.rwl","14519411","PIPO",18.4,0.5,44.2,1534.383972,"LG","2",2,2,1.5,2,45.3,1611.706356,22.02,1.1,NA,"",26.31,0.836944127708096,352393,3963658,352393,3963658,35.80595751,-106.633692,93458.13892,118972.7527,185221.9224,230778.6773,266495.4297,281147.2793,282304.0801,251623.2554,197546.2158,149463.0198,100195.0222,82444.5166,272.5,271,338,366.5,394.5,405,414.5,391,343,316.5,271,263.5,-0.425383860636673,352393,3963658,352393,3963658,35.80595751,-106.633692,0.484888837297536,0.339712457063352,-1.67200052997735,0.00572,0.07947,2544.54004,0.18165,400.99454,400.99454,0.0434
"145","1942",0.415,0.52,0.495,0.5,0.635,0.525,0.725,0.255,0.275,0.53,0.43,0.33,0.345,0.465,0,0.285,0.155,0.43,0.16,0.33,0,0.14,0.16,0.245,0,0.215,0.325,0.435,0.31,0,0.215,0,2014,"145.rwl","14519421","PIPO",11.1,13.8,38.2,1146.083448,"LG","2",1.5,2,2,2,39.1,1200.723552,17.18,0.9,NA,"",26.31,0.652983656404409,352393,3963658,352393,3963658,35.80595751,-106.633692,93458.13892,118972.7527,185221.9224,230778.6773,266495.4297,281147.2793,282304.0801,251623.2554,197546.2158,149463.0198,100195.0222,82444.5166,272.5,271,338,366.5,394.5,405,414.5,391,343,316.5,271,263.5,-0.425383860636673,352393,3963658,352393,3963658,35.80595751,-106.633692,0.484888837297536,0.339712457063352,-1.67200052997735,0.00572,0.07947,2544.54004,0.18165,400.99454,400.99454,0.0434
"145","1954",0.375,0.38,0.45,0.725,0.815,0.82,0.875,0.415,0.605,0.645,0.795,0.455,0.545,0.62,0,0.54,0.285,0.6,0.2,0.375,0,0,0.265,0.19,0,0.21,0.175,0.26,0.16,0,0.275,0,2014,"145.rwl","14519541","PIPO",24.2,9.8,46.5,1698.225744,"DSF","2",2,2,2,2,47.4,1764.599687,20.54,0.9,NA,"",26.31,0.780691752185481,352393,3963658,352393,3963658,35.80595751,-106.633692,93458.13892,118972.7527,185221.9224,230778.6773,266495.4297,281147.2793,282304.0801,251623.2554,197546.2158,149463.0198,100195.0222,82444.5166,272.5,271,338,366.5,394.5,405,414.5,391,343,316.5,271,263.5,-0.425383860636673,352393,3963658,352393,3963658,35.80595751,-106.633692,0.484888837297536,0.339712457063352,-1.67200052997735,0.00572,0.07947,2544.54004,0.18165,400.99454,400.99454,0.0434
"145","1966",0.745,0.74,0.475,0.715,0.805,0.965,1.085,0.355,0.575,0.82,0.545,0.385,0.415,0.6,0.25,0.555,0.485,0.575,0.385,0.4,0,0.23,0.325,0.415,0.28,0.66,1.205,1.13,1.48,0.7,1.085,0.66,2014,"145.rwl","14519661","PIPO",39.4,9.2,26,530.92871,"LF","2",2,1,2,1,29,660.5192975,10.78,3,NA,"",26.31,0.409730140630939,352393,3963658,352393,3963658,35.80595751,-106.633692,93458.13892,118972.7527,185221.9224,230778.6773,266495.4297,281147.2793,282304.0801,251623.2554,197546.2158,149463.0198,100195.0222,82444.5166,272.5,271,338,366.5,394.5,405,414.5,391,343,316.5,271,263.5,-0.425383860636673,352393,3963658,352393,3963658,35.80595751,-106.633692,0.484888837297536,0.339712457063352,-1.67200052997735,0.00572,0.07947,2544.54004,0.18165,400.99454,400.99454,0.0434
"145","1967",0.295,0.485,0.435,0.57,0.755,0.62,0.97,0.415,0.635,0.525,0.425,0.305,0.555,0.525,0,0.39,0.27,0.305,0.265,0.24,0,0,0.205,0.27,0,0.31,0.3,0.145,0.385,0,0.425,0,2014,"145.rwl","14519671","PIPO",37.6,11.1,54.1,2298.709257,"LG","2",1.5,2,2,2,55.2,2393.137598,22.16,1.1,NA,"",26.31,0.84226529836564,352393,3963658,352393,3963658,35.80595751,-106.633692,93458.13892,118972.7527,185221.9224,230778.6773,266495.4297,281147.2793,282304.0801,251623.2554,197546.2158,149463.0198,100195.0222,82444.5166,272.5,271,338,366.5,394.5,405,414.5,391,343,316.5,271,263.5,-0.425383860636673,352393,3963658,352393,3963658,35.80595751,-106.633692,0.484888837297536,0.339712457063352,-1.67200052997735,0.00572,0.07947,2544.54004,0.18165,400.99454,400.99454,0.0434
"145","1969",0.745,1.09,0.77,1.27,1.24,1.35,1.125,0.725,0.925,0.88,0.995,0.525,0.91,1.015,0.22,1.295,0.69,0.985,0.485,0.63,0,0.2,0.48,0.505,0.085,0.625,0.6,0.495,0.63,0.26,0.685,0.19,2014,"145.rwl","14519691","PIPO",37,15.9,45,1590.429938,"LG","2",1.5,2,2,2,46.3,1683.648767,26.31,1.3,NA,"",26.31,1,352393,3963658,352393,3963658,35.80595751,-106.633692,93458.13892,118972.7527,185221.9224,230778.6773,266495.4297,281147.2793,282304.0801,251623.2554,197546.2158,149463.0198,100195.0222,82444.5166,272.5,271,338,366.5,394.5,405,414.5,391,343,316.5,271,263.5,-0.425383860636673,352393,3963658,352393,3963658,35.80595751,-106.633692,0.484888837297536,0.339712457063352,-1.67200052997735,0.00572,0.07947,2544.54004,0.18165,400.99454,400.99454,0.0434
"145","1970",0.56,0.53,0.475,0.67,0.975,0.925,0.99,0.535,0.645,0.75,0.87,0.59,0.69,0.785,0,0.95,0.24,0.66,0.41,0.445,0,0.235,0.44,0.435,0.155,0.795,0.715,0.43,0.485,0.265,0.68,0.225,2014,"145.rwl","14519701","PIPO",35.1,16.6,40.6,1294.617823,"LG","2",2,1,2,2,42.5,1418.624234,24.59,1.9,NA,"",26.31,0.93462561763588,352393,3963658,352393,3963658,35.80595751,-106.633692,93458.13892,118972.7527,185221.9224,230778.6773,266495.4297,281147.2793,282304.0801,251623.2554,197546.2158,149463.0198,100195.0222,82444.5166,272.5,271,338,366.5,394.5,405,414.5,391,343,316.5,271,263.5,-0.425383860636673,352393,3963658,352393,3963658,35.80595751,-106.633692,0.484888837297536,0.339712457063352,-1.67200052997735,0.00572,0.07947,2544.54004,0.18165,400.99454,400.99454,0.0434
"145","1975",0.245,0.295,0.265,0.495,0.47,0.485,0.84,0.24,0.455,0.585,0.435,0.285,0.545,0.785,0,0.625,0.25,0.59,0.2,0.315,0,0.08,0.46,0.26,0,0.47,0.38,0.425,0.44,0,0.375,0,2014,"145.rwl","14519751","PIPO",9.7,3.1,30.2,716.3139359,"LF","1.5",1,1,2,2,31.3,769.4460768,18.43,1.1,NA,"",26.31,0.700494108703915,352393,3963658,352393,3963658,35.80595751,-106.633692,93458.13892,118972.7527,185221.9224,230778.6773,266495.4297,281147.2793,282304.0801,251623.2554,197546.2158,149463.0198,100195.0222,82444.5166,272.5,271,338,366.5,394.5,405,414.5,391,343,316.5,271,263.5,-0.425383860636673,352393,3963658,352393,3963658,35.80595751,-106.633692,0.484888837297536,0.339712457063352,-1.67200052997735,0.00572,0.07947,2544.54004,0.18165,400.99454,400.99454,0.0434
"145","1976",0.32,0.42,0.435,0.475,0.545,0.385,0.58,0.215,0.325,0.52,0.635,0.425,0.445,0.695,0.23,0.71,0.46,0.77,0.235,0.34,0,0.14,0.36,0.345,0.165,0.6,0.695,0.625,0.495,0.13,0.49,0.105,2014,"145.rwl","14519761","PIPO",7.8,4.5,24.9,486.954304,"LG","2",2,1,2,1.5,26.4,547.3906416,15.43,1.5,NA,"",26.31,0.586469023185101,352393,3963658,352393,3963658,35.80595751,-106.633692,93458.13892,118972.7527,185221.9224,230778.6773,266495.4297,281147.2793,282304.0801,251623.2554,197546.2158,149463.0198,100195.0222,82444.5166,272.5,271,338,366.5,394.5,405,414.5,391,343,316.5,271,263.5,-0.425383860636673,352393,3963658,352393,3963658,35.80595751,-106.633692,0.484888837297536,0.339712457063352,-1.67200052997735,0.00572,0.07947,2544.54004,0.18165,400.99454,400.99454,0.0434
"145","1977",0.705,0.925,0.89,1.14,1.4,0.845,1.175,0.58,0.5,0.715,0.425,0.565,1.025,1.275,0.255,1.42,0.64,0.915,0.355,0.635,0,0.265,0.715,0.925,0.26,0.9,0.905,0.995,1.025,0.345,0.845,0.23,2014,"145.rwl","14519771","PIPO",8.5,3,37,1075.209178,"LE","2",2,2,2,2,39.2,1206.873214,19.94,2.2,NA,"",26.31,0.757886735081718,352393,3963658,352393,3963658,35.80595751,-106.633692,93458.13892,118972.7527,185221.9224,230778.6773,266495.4297,281147.2793,282304.0801,251623.2554,197546.2158,149463.0198,100195.0222,82444.5166,272.5,271,338,366.5,394.5,405,414.5,391,343,316.5,271,263.5,-0.425383860636673,352393,3963658,352393,3963658,35.80595751,-106.633692,0.484888837297536,0.339712457063352,-1.67200052997735,0.00572,0.07947,2544.54004,0.18165,400.99454,400.99454,0.0434
"145","1980",0.97,1.295,1.1,2.235,2.155,1.92,1.82,0.505,0.96,1.205,1.405,0.905,1.41,1.63,0.5,2.045,1.15,1.705,0.695,0.975,0.205,0.355,0.465,0.425,0.22,0.83,0.98,1.015,0.56,0.21,0.445,0.25,2014,"145.rwl","14519801","PIFL",3,5.6,8.2,52.8101279,"LF","1",1,1.5,2,2,10.1,80.11839898,6.13,1.9,NA,"x",26.31,0.232991258076777,352393,3963658,352393,3963658,35.80595751,-106.633692,93458.13892,118972.7527,185221.9224,230778.6773,266495.4297,281147.2793,282304.0801,251623.2554,197546.2158,149463.0198,100195.0222,82444.5166,272.5,271,338,366.5,394.5,405,414.5,391,343,316.5,271,263.5,-0.425383860636673,352393,3963658,352393,3963658,35.80595751,-106.633692,0.484888837297536,0.339712457063352,-1.67200052997735,0.00572,0.07947,2544.54004,0.18165,400.99454,400.99454,0.0434
"145","1981",0.49,0.55,0.465,0.725,1.09,0.815,1.14,0.45,0.59,0.655,0.535,0.445,0.62,0.765,0,0.525,0.31,0.51,0.205,0.365,0,0,0.245,0.26,0,0.29,0.27,0.175,0.265,0,0.25,0,2014,"145.rwl","14519811","PIPO",2.3,3,36.1,1023.537876,"LF","1.5",1,1,2,2,36.6,1052.087075,17.48,0.5,NA,"",26.31,0.66438616495629,352393,3963658,352393,3963658,35.80595751,-106.633692,93458.13892,118972.7527,185221.9224,230778.6773,266495.4297,281147.2793,282304.0801,251623.2554,197546.2158,149463.0198,100195.0222,82444.5166,272.5,271,338,366.5,394.5,405,414.5,391,343,316.5,271,263.5,-0.425383860636673,352393,3963658,352393,3963658,35.80595751,-106.633692,0.484888837297536,0.339712457063352,-1.67200052997735,0.00572,0.07947,2544.54004,0.18165,400.99454,400.99454,0.0434
"145","1996",0.495,0.645,0.56,0.615,0.92,0.715,0.98,0.56,0.65,0.555,0.51,0.425,0.725,0.61,0,0.685,0.4,0.56,0.37,0.485,0,0.19,0.345,0.405,0,0.755,0.675,0.46,0.565,0.08,0.53,0.06,2014,"145.rwl","14519961","PIPO",47.1,17,39.5,1225.416449,"LE","2",2,2,2,2,41,1320.253198,20.5,1.5,NA,"",26.31,0.779171417711897,352393,3963658,352393,3963658,35.80595751,-106.633692,93458.13892,118972.7527,185221.9224,230778.6773,266495.4297,281147.2793,282304.0801,251623.2554,197546.2158,149463.0198,100195.0222,82444.5166,272.5,271,338,366.5,394.5,405,414.5,391,343,316.5,271,263.5,-0.425383860636673,352393,3963658,352393,3963658,35.80595751,-106.633692,0.484888837297536,0.339712457063352,-1.67200052997735,0.00572,0.07947,2544.54004,0.18165,400.99454,400.99454,0.0434
"147","1350",1.505,1.955,1.205,1.715,1.92,1.73,1.435,0.59,0.83,0.91,1.255,1.12,0.66,1.035,0.505,0.835,0.83,1.345,0.77,0.58,0,0.155,0.255,0.33,0.17,0.78,0.82,0.8,0.96,0,0.515,0.165,2014,"147.rwl","1471350A","PIPO",30.8,32,15.3,183.8537008,"LF","1",2,1,0,2,15.8,196.0666319,11.55,0.5,NA,"DSL",29.94,0.385771543086172,352807,3963647,352807,3963647,35.80592055,-106.6291096,116135.2805,139222.9995,204398.6162,243150.7588,272514.9658,283836.1934,286650.9258,261611.375,213682.9424,170769.6982,122105.9175,104819.8296,293,284.5,347.5,369,398,405,418.5,392,350,328,286.5,283.5,0.377156572522673,352807,3963647,352807,3963647,35.80592055,-106.6291096,-0.135084739720619,0.00730705359979745,-0.17342749409156,-0.00157,0.00731,2570.5,0.09587,339.29016,450.77176,-0.0012
"147","1446",1.02,0.8,1,2.3,2.565,1.84,1.765,0.77,0.685,1.315,1.785,1.33,0.805,1.36,0.71,1.285,0.78,0.875,0.355,1.53,0.135,0.31,0.315,0.575,0.395,1.415,1.74,1.545,1.205,0.36,1.175,0.895,2014,"147.rwl","1471446A","PIFL",26.2,31,6.6,34.2119151,"LG","2",2,2,2,2,10.1,80.11839898,6.88,3.5,NA,"burned up",29.94,0.229792919171677,352807,3963647,352807,3963647,35.80592055,-106.6291096,116135.2805,139222.9995,204398.6162,243150.7588,272514.9658,283836.1934,286650.9258,261611.375,213682.9424,170769.6982,122105.9175,104819.8296,293,284.5,347.5,369,398,405,418.5,392,350,328,286.5,283.5,0.377156572522673,352807,3963647,352807,3963647,35.80592055,-106.6291096,-0.135084739720619,0.00730705359979745,-0.17342749409156,-0.00157,0.00731,2570.5,0.09587,339.29016,450.77176,-0.0012
"151","2101",1.365,1.885,1.635,2.03,1.975,1.675,1.895,1.155,1.065,1.35,1.32,1.09,1.02,1.625,0.515,0.93,0.73,1.145,0.545,0.775,0.24,0.53,1.15,0.825,0.53,1.11,0.9,0.795,0.975,0.255,0.875,0.34,2014,"151.rwl","1512101A","PIPO",2.6,4.5,53.6,2256.415602,"LE","2",2,2,2,2,55.7,2436.68789,34,2.1,NA,"",40.41,0.841375897055184,353606,3963653,353606,3963653,35.80609412,-106.6202706,100526.033,125463.6028,191688.8726,235294.2871,268923.1973,282957.0693,284404.5098,255471.2148,203059.228,156385.6323,107071.3455,89367.9104,285,282.5,346.5,369.5,392.5,405,412.5,392.5,350.5,325.5,282.5,279,-0.152440117576949,353606,3963653,353606,3963653,35.80609412,-106.6202706,-0.0576847925273413,0.633092906513042,-0.608850000380544,0.00357,0.02125,2563.20996,0.09883,319.23071,319.23071,0.0136
"151","2103",0.93,0.79,0.575,0.955,1.13,1.045,1.535,1.12,0.915,1.11,1.03,0.995,1.025,1.54,0.295,1.125,0.925,1.42,0.67,1.35,0,0.59,0.76,0.91,0.35,0.81,0.595,0.68,1.01,0,0.695,0,2014,"151.rwl","1512103A","PIPO",8.4,4.1,51.1,2050.837806,"LE","2",2,2,2,2,53.1,2214.514645,36.39,2,NA,"",40.41,0.900519673348181,353606,3963653,353606,3963653,35.80609412,-106.6202706,100526.033,125463.6028,191688.8726,235294.2871,268923.1973,282957.0693,284404.5098,255471.2148,203059.228,156385.6323,107071.3455,89367.9104,285,282.5,346.5,369.5,392.5,405,412.5,392.5,350.5,325.5,282.5,279,-0.152440117576949,353606,3963653,353606,3963653,35.80609412,-106.6202706,-0.0576847925273413,0.633092906513042,-0.608850000380544,0.00357,0.02125,2563.20996,0.09883,319.23071,319.23071,0.0136
"151","2106",0.575,0.695,0.44,0.54,0.73,0.535,0.66,0.52,0.255,0.53,0.465,0.495,0.42,0.61,0.215,0.49,0.405,0.54,0.295,0.32,0,0,0.315,0.44,0,0.53,0.605,0.155,0.315,0.28,0.4,0.21,2014,"151.rwl","1512106A","PIPO",11.9,8.5,28.7,646.9240668,"LF","1",1.5,2,2,0,30,706.85775,13.1,1.3,NA,"",40.41,0.32417718386538,353606,3963653,353606,3963653,35.80609412,-106.6202706,100526.033,125463.6028,191688.8726,235294.2871,268923.1973,282957.0693,284404.5098,255471.2148,203059.228,156385.6323,107071.3455,89367.9104,285,282.5,346.5,369.5,392.5,405,412.5,392.5,350.5,325.5,282.5,279,-0.152440117576949,353606,3963653,353606,3963653,35.80609412,-106.6202706,-0.0576847925273413,0.633092906513042,-0.608850000380544,0.00357,0.02125,2563.20996,0.09883,319.23071,319.23071,0.0136
"151","2107",0.91,1.055,1.005,1.03,1.57,1.28,1.865,1.74,1.32,1.4,1.87,1.54,1.735,2.235,0.64,1.54,1.065,1.69,0.93,1.28,0.26,0.44,0.715,0.815,0.5,1.375,1.69,1.715,1.535,0.3,1.07,0.185,2014,"151.rwl","1512107A","PIPO",13.5,10.1,51.1,2050.837806,"LG","1.5",2,2,2,2,53.1,2214.514645,31.52,2,NA,"",40.41,0.780004949269983,353606,3963653,353606,3963653,35.80609412,-106.6202706,100526.033,125463.6028,191688.8726,235294.2871,268923.1973,282957.0693,284404.5098,255471.2148,203059.228,156385.6323,107071.3455,89367.9104,285,282.5,346.5,369.5,392.5,405,412.5,392.5,350.5,325.5,282.5,279,-0.152440117576949,353606,3963653,353606,3963653,35.80609412,-106.6202706,-0.0576847925273413,0.633092906513042,-0.608850000380544,0.00357,0.02125,2563.20996,0.09883,319.23071,319.23071,0.0136
"151","2110",0.676,0.723,0.716,0.829,0.694,0.805,0.847,0.752,0.773,1.151,1.091,0.827,0.592,0.711,0.261,0.512,0.385,0.527,0.232,0.459,0,0.184,0.285,0.427,0,0.282,0.518,0.337,0.183,0,0.263,0,2014,"151.rwl","1512110A","PIPO",41.6,13.9,76.1,4548.401856,"LG","2",2,1.5,2,0,76.3,4572.340772,21.74,0.2,NA,"",40.41,0.53798564711705,353606,3963653,353606,3963653,35.80609412,-106.6202706,100526.033,125463.6028,191688.8726,235294.2871,268923.1973,282957.0693,284404.5098,255471.2148,203059.228,156385.6323,107071.3455,89367.9104,285,282.5,346.5,369.5,392.5,405,412.5,392.5,350.5,325.5,282.5,279,-0.152440117576949,353606,3963653,353606,3963653,35.80609412,-106.6202706,-0.0576847925273413,0.633092906513042,-0.608850000380544,0.00357,0.02125,2563.20996,0.09883,319.23071,319.23071,0.0136
"151","2114",0.605,0.665,0.655,0.885,1.375,1.315,1.73,0.89,1.14,1.34,1.345,0.895,0.81,1.045,0.245,0.76,0.435,0.53,0.335,0.62,0,0.24,0.36,0.53,0,0.56,0.425,0.42,0.73,0,0.405,0,2014,"151.rwl","1512114A","PIPO",2.2,8.3,35.8,1006.596852,"LF","2",1,1,2,2,37.1,1081.028973,26.88,1.3,NA,"",40.41,0.665181885671863,353606,3963653,353606,3963653,35.80609412,-106.6202706,100526.033,125463.6028,191688.8726,235294.2871,268923.1973,282957.0693,284404.5098,255471.2148,203059.228,156385.6323,107071.3455,89367.9104,285,282.5,346.5,369.5,392.5,405,412.5,392.5,350.5,325.5,282.5,279,-0.152440117576949,353606,3963653,353606,3963653,35.80609412,-106.6202706,-0.0576847925273413,0.633092906513042,-0.608850000380544,0.00357,0.02125,2563.20996,0.09883,319.23071,319.23071,0.0136
"151","2117",0.955,0.668,0.598,0.682,0.743,0.885,1.377,0.822,0.936,1.278,1.244,0.843,0.728,1.253,0.613,1.065,0.795,1.016,0.658,0.657,0.068,0.406,0.715,0.668,0.465,0.927,0.866,1.173,1.175,0.284,0.774,0.25,2014,"151.rwl","1512117A","PIPO",5.3,9,37.5,1104.465234,"LF","1",1,1,2,2,39.2,1206.873214,22.06,1.7,NA,"",40.41,0.545904479089334,353606,3963653,353606,3963653,35.80609412,-106.6202706,100526.033,125463.6028,191688.8726,235294.2871,268923.1973,282957.0693,284404.5098,255471.2148,203059.228,156385.6323,107071.3455,89367.9104,285,282.5,346.5,369.5,392.5,405,412.5,392.5,350.5,325.5,282.5,279,-0.152440117576949,353606,3963653,353606,3963653,35.80609412,-106.6202706,-0.0576847925273413,0.633092906513042,-0.608850000380544,0.00357,0.02125,2563.20996,0.09883,319.23071,319.23071,0.0136
"151","2600",1.092,0.954,0.684,0.717,1,0.761,1.173,1.004,0.727,1.212,1.016,1.124,1.461,1.793,1.383,1.882,1.112,1.829,1.241,1.32,0.066,0.423,0.525,0.793,0.467,0.703,0.756,0.798,0.909,0.094,0.693,0.066,2014,"151.rwl","1512600A","PIPO",3.8,0.5,33.9,902.586661,"LF","2",2,2,2,0,35.7,1000.98126,20.98,1.8,NA,"x",40.41,0.519178421182876,353606,3963653,353606,3963653,35.80609412,-106.6202706,100526.033,125463.6028,191688.8726,235294.2871,268923.1973,282957.0693,284404.5098,255471.2148,203059.228,156385.6323,107071.3455,89367.9104,285,282.5,346.5,369.5,392.5,405,412.5,392.5,350.5,325.5,282.5,279,-0.152440117576949,353606,3963653,353606,3963653,35.80609412,-106.6202706,-0.0576847925273413,0.633092906513042,-0.608850000380544,0.00357,0.02125,2563.20996,0.09883,319.23071,319.23071,0.0136
"162","1759",1.79,1.98,2.235,2.72,3.035,3,2.9,1.82,2.355,3.09,2.93,2.41,2.03,2.67,0.775,2.04,2.295,2.77,1.865,2.105,0,0.865,1.58,2.34,0.875,1.825,1.59,1.425,1.525,0.99,1.3,0.535,2014,"162.rwl","16217591","PIPO",5.5,5.3,11.3,100.2874068,"LG","2",1.5,1.5,2,2,14.9,174.366099,8.88,3.6,NA,"",46.32,0.191709844559586,352392,3964065,352392,3964065,35.80962547,-106.6337782,86476.82422,112770.0034,179508.2153,227207.771,265023.8535,280576.7315,281353.9277,248846.3286,192732.2178,143004.97,93474.80786,75527.51904,271.5,271,342.5,368.5,401.5,405,418.5,396,345.5,319,269.5,263.5,-0.663336000936001,352392,3964065,352392,3964065,35.80962547,-106.6337782,0.151184493541375,0.8004107262587,-1.11000071400647,-0.00106,-0.01022,2540.15991,0.19531,783.72754,783.72754,-0.0056
"162","1770",0.67,0.775,0.5,0.75,0.945,0.83,0.965,0.26,0.34,0.41,0.43,0.425,0.38,0.7,0,0.84,0.385,0.615,0.13,0.24,0,0,0.215,0.185,0,0.215,0.275,0.25,0.2,0,0.155,0,2014,"162.rwl","16217701","PIPO",6.9,17,42.6,1425.307967,"LE","2",2,2,2,2,43.8,1506.73798,21.13,1.2,NA,"",46.32,0.456174438687392,352392,3964065,352392,3964065,35.80962547,-106.6337782,86476.82422,112770.0034,179508.2153,227207.771,265023.8535,280576.7315,281353.9277,248846.3286,192732.2178,143004.97,93474.80786,75527.51904,271.5,271,342.5,368.5,401.5,405,418.5,396,345.5,319,269.5,263.5,-0.663336000936001,352392,3964065,352392,3964065,35.80962547,-106.6337782,0.151184493541375,0.8004107262587,-1.11000071400647,-0.00106,-0.01022,2540.15991,0.19531,783.72754,783.72754,-0.0056
"162","1774",0.27,0.555,0.535,0.8,1.06,0.71,1.105,0.28,0.25,0.405,0.64,0.54,0.43,0.76,0,0.4,0.19,0.435,0.08,0.38,0,0,0.215,0.26,0,0.38,0.205,0.28,0.275,0,0.135,0,2014,"162.rwl","16217741","PIPO",47.6,43.7,57,2551.756478,"LE","2",2,2,2,2,58.5,2687.826594,26.89,1.5,NA,"",46.32,0.58052677029361,352392,3964065,352392,3964065,35.80962547,-106.6337782,86476.82422,112770.0034,179508.2153,227207.771,265023.8535,280576.7315,281353.9277,248846.3286,192732.2178,143004.97,93474.80786,75527.51904,271.5,271,342.5,368.5,401.5,405,418.5,396,345.5,319,269.5,263.5,-0.663336000936001,352392,3964065,352392,3964065,35.80962547,-106.6337782,0.151184493541375,0.8004107262587,-1.11000071400647,-0.00106,-0.01022,2540.15991,0.19531,783.72754,783.72754,-0.0056
"162","1789",2.42,1.895,2.255,1.965,2.245,1.975,2.265,1.49,1.685,2.615,2.095,1.475,1.62,2.44,0.45,1.685,1.19,1.6,0.645,1.13,0.11,0.565,0.69,0.825,0.445,1.015,0.925,1.13,0.83,0.305,0.71,0.135,2014,"162.rwl","16217891","PIPO",14.8,8.3,31.7,789.2380938,"LF","1.5",1,2,2,2,33.6,886.6823616,19.56,1.9,NA,"",46.32,0.422279792746114,352392,3964065,352392,3964065,35.80962547,-106.6337782,86476.82422,112770.0034,179508.2153,227207.771,265023.8535,280576.7315,281353.9277,248846.3286,192732.2178,143004.97,93474.80786,75527.51904,271.5,271,342.5,368.5,401.5,405,418.5,396,345.5,319,269.5,263.5,-0.663336000936001,352392,3964065,352392,3964065,35.80962547,-106.6337782,0.151184493541375,0.8004107262587,-1.11000071400647,-0.00106,-0.01022,2540.15991,0.19531,783.72754,783.72754,-0.0056
"162","1797",0.98,1.505,1.41,1.58,2.39,2.26,2.045,0.975,0.98,1.315,1.005,0.95,1.445,2.555,0.25,1.5,0.595,0.76,0.555,1.14,0.17,0.16,0.305,0.45,0,0.49,0.485,0.455,0.68,0.14,0.5,0.075,2014,"162.rwl","16217971","PIPO",38.9,4.3,47.1,1742.333668,"LG","1.5",1,2,2,2,49.2,1901.164604,26.25,2.1,NA,"",46.32,0.566709844559586,352392,3964065,352392,3964065,35.80962547,-106.6337782,86476.82422,112770.0034,179508.2153,227207.771,265023.8535,280576.7315,281353.9277,248846.3286,192732.2178,143004.97,93474.80786,75527.51904,271.5,271,342.5,368.5,401.5,405,418.5,396,345.5,319,269.5,263.5,-0.663336000936001,352392,3964065,352392,3964065,35.80962547,-106.6337782,0.151184493541375,0.8004107262587,-1.11000071400647,-0.00106,-0.01022,2540.15991,0.19531,783.72754,783.72754,-0.0056
"162","2672",0.71,0.76,0.585,0.51,0.72,0.69,0.85,0.37,0.82,1.16,1.12,0.925,0.58,1.29,0.855,1.24,1.045,1.635,1.535,1.18,0.235,0.32,0.745,0.62,0.405,1.105,1.5,1.435,1.62,0.835,1.31,1.095,2014,"162.rwl","16226721","PIPO",25.7,3,45.3,1611.706356,"LG","1.5",2,2,2,2,46.7,1712.865554,21.68,1.4,NA,"",46.32,0.468048359240069,352392,3964065,352392,3964065,35.80962547,-106.6337782,86476.82422,112770.0034,179508.2153,227207.771,265023.8535,280576.7315,281353.9277,248846.3286,192732.2178,143004.97,93474.80786,75527.51904,271.5,271,342.5,368.5,401.5,405,418.5,396,345.5,319,269.5,263.5,-0.663336000936001,352392,3964065,352392,3964065,35.80962547,-106.6337782,0.151184493541375,0.8004107262587,-1.11000071400647,-0.00106,-0.01022,2540.15991,0.19531,783.72754,783.72754,-0.0056
"162","2674",0.54,0.465,0.45,0.48,0.64,0.83,0.985,0.65,1.31,3.3,2.88,2.06,1.77,2.235,0.455,1.475,1.58,1.995,1.025,0.86,0,0.29,0.595,0.76,0.135,0.965,0.805,0.66,1.05,0.22,0.625,0.085,2014,"162.rwl","16226741","PIPO",16.7,10.1,59.4,2771.165123,"LE","2",2,2,2,2,60.8,2903.331814,30.01,1.4,NA,"",46.32,0.647884283246978,352392,3964065,352392,3964065,35.80962547,-106.6337782,86476.82422,112770.0034,179508.2153,227207.771,265023.8535,280576.7315,281353.9277,248846.3286,192732.2178,143004.97,93474.80786,75527.51904,271.5,271,342.5,368.5,401.5,405,418.5,396,345.5,319,269.5,263.5,-0.663336000936001,352392,3964065,352392,3964065,35.80962547,-106.6337782,0.151184493541375,0.8004107262587,-1.11000071400647,-0.00106,-0.01022,2540.15991,0.19531,783.72754,783.72754,-0.0056
"162","2689",0.725,0.78,0.81,1.12,1.22,1.465,1.565,0.98,1.4,1.955,1.655,1.65,1.565,1.76,0.505,1.67,1.19,1.36,0.95,1.085,0.16,0.525,0.845,0.64,0.41,0.95,0.925,0.93,0.72,0.315,0.705,0.275,2014,"162.rwl","16226891","PIPO",25.8,14.3,63.5,3166.919069,"LF","1",2,2,1,1.5,64.3,3247.21811,46.32,0.8,NA,"",46.32,1,352392,3964065,352392,3964065,35.80962547,-106.6337782,86476.82422,112770.0034,179508.2153,227207.771,265023.8535,280576.7315,281353.9277,248846.3286,192732.2178,143004.97,93474.80786,75527.51904,271.5,271,342.5,368.5,401.5,405,418.5,396,345.5,319,269.5,263.5,-0.663336000936001,352392,3964065,352392,3964065,35.80962547,-106.6337782,0.151184493541375,0.8004107262587,-1.11000071400647,-0.00106,-0.01022,2540.15991,0.19531,783.72754,783.72754,-0.0056
