"1982","1983","1984","1985","1986","1987","1988","1989","1990","1991","1992","1993","1994","1995","1996","1997","1998","1999","2000","2001","2002","2003","2004","2005","2006","2007","2008","2009","2010","2011","2012","2013","2014","site","id","plot","Tree.number"
1.18,1.42,1.455,1.26,1.485,1.135,1.51,0.93,0.865,1.515,1.25,1.24,0.775,1.105,0.755,1.06,0.875,1.33,0.69,0.91,0,0.34,0.65,0.335,0.2,0.485,0.365,0.415,0.995,0.42,0.425,0.025,2014,"113.rwl","1131366A","113","1366"
0.565,0.915,0.595,0.855,0.925,0.85,0.985,0.39,0.615,0.635,0.73,0.57,0.72,0.75,0.205,0.835,0.47,0.865,0.235,0.37,0,0.27,0.325,0.34,0.265,0.75,0.66,0.63,0.655,0.145,0.425,0.37,2014,"113.rwl","1131401A","113","1401"
0.725,1.205,0.86,0.965,1.08,0.825,1.155,0.605,0.78,0.545,0.86,0.625,0.5,0.68,0.175,0.755,0.605,0.655,0.26,0.52,0,0.335,0.345,0.44,0,0.525,0.445,0.45,0.505,0.1,0.43,0,2014,"113.rwl","1131402A","113","1402"
1.12,1.25,1.18,1.21,1.02,0.78,1.01,0.71,0.5,0.755,0.875,1.01,0.69,1.155,0.38,1.005,0.61,0.565,0.35,0.605,0,0.43,0.415,0.715,0.29,0.975,1.315,1.54,1.425,0.215,0.63,0.05,2014,"113.rwl","1131403A","113","1403"
1.45,1.805,2.125,2.445,2.165,1.125,0.665,0.22,0.505,1.085,1.445,1.46,1.18,1.615,0.715,1.39,0.89,1.09,0.375,0.52,0,0.285,0.445,0.445,0.18,0.845,0.92,0.92,1.355,0.58,0.775,0.095,2014,"113.rwl","1131404A","113","1404"
0.25,0.31,0.22,0.425,0.59,0.425,0.795,0.545,0.455,0.665,0.635,0.565,0.525,0.575,0.28,0.575,0.44,0.535,0.215,0.3,0.235,0.355,0.43,0.305,0.145,0.285,0.275,0.49,0.535,0.105,0.425,0,2014,"113.rwl","1131405A","113","1405"
0.285,0.345,0.28,0.285,0.515,0.44,0.445,0.325,0.41,0.375,0.43,0.425,0.24,0.65,0,0.54,0.34,0.535,0.3,0.425,0,0.155,0.225,0.335,0,0.465,0.485,0.495,0.61,0.23,0.325,0.205,2014,"113.rwl","1131406A","113","1406"
1.18,1.075,0.855,0.935,1.145,0.84,1.265,0.85,0.77,1.09,0.845,1.13,0.885,1.19,0.59,0.82,0.64,0.715,0.515,0.855,0,0.455,0.675,0.475,0.275,0.855,0.84,1.365,1.475,0.595,0.655,0.32,2014,"113.rwl","1131407A","113","1407"
1.195,1.145,0.93,0.79,0.94,0.62,0.64,0.605,0.54,0.77,0.49,0.605,0.525,0.525,0.29,0.28,0.275,0.235,0.055,0.285,0,0.175,0.085,0.105,0,0.115,0.17,0.08,0.15,0,0.17,0,2014,"113.rwl","1131408A","113","1408"
0.655,0.53,0.45,0.655,0.915,0.7,0.58,0.4,0.43,0.575,0.65,0.615,0.455,0.575,0.37,0.665,0.565,0.72,0.51,0.39,0.08,0.29,0.43,0.5,0.425,1.075,1.295,1.585,1.295,0.74,0.85,0.705,2014,"113.rwl","1131410A","113","1410"
1.435,1.87,1.7,1.98,1.83,1.69,2.24,1.16,1.535,1.705,1.63,0.995,0.785,1.21,0.39,0.935,0.95,1.17,0.385,0.74,0,0.26,0.345,0.47,0.23,0.785,1.1,1.07,1.265,0.84,1.33,0.395,2014,"113.rwl","1131417A","113","1417"
1.49,1.745,1.06,1.205,1.23,0.985,1.25,0.94,1.25,1.355,1.415,1.195,0.69,1.05,0.215,1.01,0.855,0.66,0.41,0.61,0.13,0.56,0.4,0.685,0.075,0.525,0.35,0.29,0.31,0.07,0.435,0,2014,"113.rwl","1131419A","113","1419"
0.985,1.5,1.5,1.855,1.77,1.255,2.15,0.575,1.075,1.685,1.61,1.26,1.105,1.675,0.265,1.345,1.21,1.315,0.4,0.955,0,0.49,0.3,0.37,0.16,0.99,0.9,0.82,0.65,0.14,0.625,0,2014,"113.rwl","1131433A","113","1433"
0.795,0.995,0.865,2.005,1.655,1.215,0.995,0.48,0.55,0.795,0.64,0.57,0.59,0.45,0.08,0.545,0.71,0.565,0.125,0.29,0,0.155,0.295,0.385,0,0.375,0.42,0.36,0.33,0.075,0.37,0.145,2014,"113.rwl","1131438A","113","1438"
1.665,2.1,2.04,2.415,2.42,1.56,1.795,1.615,1.815,2.195,2.18,1.165,1.41,1.83,0.555,1.565,1.32,1.245,0.425,0.66,0,0.41,0.36,0.435,0,2.065,2.16,3.11,2.375,0,0.525,0.4,2014,"125.rwl","1251101A","125","1101"
0.66,0.9,0.645,0.795,0.855,0.775,0.7,0.555,0.41,0.605,0.425,0.24,0.265,0.36,0,0.21,0.14,0.155,0.035,0.205,0,0,0.045,0.125,0,0.105,0.115,0.15,0.14,0,0.255,0.335,2014,"125.rwl","1251104A","125","1104"
1.025,1.435,1.235,1.065,1.5,1.17,1.27,0.485,0.625,0.825,0.85,0.715,0.655,0.87,0,0.875,0.365,0.555,0.11,0.45,0,0,0.26,0.3,0,0.29,0.475,0.53,0.625,0,0.55,0.58,2014,"125.rwl","1251107a","125","1107"
1.645,1.97,1.705,2.19,2.06,1.595,1.71,0.87,1.295,1.39,2,1.635,1.68,1.56,0.895,1.795,1.45,1.7,0.835,1.595,0.4,0.73,1.225,1.455,0,1.055,2.68,2.405,2.66,0,3.08,1.955,2014,"125.rwl","1251133A","125","1133"
1.165,1.57,1.115,1.47,1.645,1.1,0.98,0.335,0.3,0.315,0.35,0.285,0.265,0.34,0.06,0.385,0.355,0.435,0.205,0.2,0,0,0.215,0.265,0,0.28,0.36,0.32,0.285,0,0.7,0.445,2014,"125.rwl","1251149A","125","1149"
0.415,0.585,0.625,0.52,0.685,0.575,0.355,0.185,0.47,0.395,0.465,0.45,0.295,0.435,0.095,0.385,0.39,0.315,0.14,0.355,0,0.135,0.255,0.23,0.105,0.525,0.425,0.575,1,0,0.82,0.9,2014,"125.rwl","1251248N","125","1248"
2.08,3.02,1.915,2.685,2.265,1.575,2.19,0.67,1.265,2.055,2.55,2.25,1.66,2.83,1.35,2.7,1.6,2.71,1.02,2.06,0.105,0.245,0.86,1.39,0,1.075,1.855,1.81,2.34,0,2.675,1.18,2014,"125.rwl","1251283A","125","1283"
2.265,2.945,2.475,2.51,2.775,2.09,2.53,1.495,1.8,1.965,3.07,1.915,1.87,2.255,0.65,1.945,1.595,2.05,0.865,1.37,0,0.345,1.03,0.81,0.46,1.45,1.56,2.095,2.305,0.815,1.6,0.64,2014,"125.rwl","1251289A","125","1289"
0.755,1.255,1.105,1.185,1.61,1.415,1.6,0.88,1.015,0.86,1.155,1.245,0.815,1.21,0.38,0.785,0.695,0.485,0.32,0.435,0,0.135,0.365,0.205,0,0.44,0.275,0.34,0.37,0,0.725,0.08,2014,"125.rwl","1251291A","125","1291"
0.6,1.06,0.74,1.015,1.045,0.665,0.435,0.405,0.89,0.805,0.95,0.845,0.555,0.805,0.04,0.62,0.39,0.35,0.055,0.145,0,0.105,0.25,0.245,0,0.2,0.245,0.375,0.78,0.125,0.345,0.075,2014,"125.rwl","1251293N","125","1293"
1.105,1.095,0.925,0.89,0.81,0.585,0.77,0.43,0.595,0.64,0.575,0.715,0.54,0.5,0.145,0.595,0.47,0.42,0.26,0.42,0,0.285,0.32,0.58,0.355,1.18,0.85,1.315,1.41,0.785,1.32,0.92,2014,"125.rwl","1251297A","125","1297"
1.365,2.465,2.125,2.77,3.295,2.47,2.48,1.34,1.45,2.58,3.34,2.615,2.2,1.95,0.58,1.69,1.47,2.27,1.39,2.175,0.42,0.615,0.66,0.79,0.55,2.13,2.8,3.33,3.82,1.175,2.435,0.295,2014,"125.rwl","1251607A","125","1607"
1.29,2.395,1.875,2.475,2.38,1.975,2.32,1.255,0.93,1,1.165,0.575,0.4,0.44,0.15,0.44,0.275,0.615,0.175,0.39,0,0.135,0.32,0.21,0.15,0.415,0.485,0.35,0.325,0.245,0.43,0.245,2014,"127.rwl","1272015A","127","2015"
1.005,1.845,1.32,1.705,1.5,1.58,1.53,1.165,1.025,1.015,1.27,1.24,0.98,1.285,0.56,1.255,0.935,1.215,0.73,0.87,0.19,0.355,0.64,1.155,0.495,1.39,1.355,1.15,1.31,0.35,1.025,0.43,2014,"127.rwl","1272068A","127","2068"
0.98,1.325,0.9,1.04,1.37,1.06,1.38,0.46,0.525,1.25,1.335,1.295,1.11,1.76,0.895,1.36,1.235,1.3,0.74,0.97,0.145,0.425,0.785,1.075,0.505,1.335,0.78,1.04,1.28,0.465,0.905,0,2014,"127.rwl","1272083A","127","2083"
2.325,2.54,2.85,2.92,3.5,2.545,2.59,2.13,1.725,2.3,1.995,1.82,1.185,1.88,1.035,1.335,0.89,1.245,0.505,0.795,0.045,0.225,0.405,0.4,0.22,0.57,0.585,0.615,0.64,0.335,0.64,0.16,2014,"127.rwl","1272090A","127","2090"
1.875,2.69,2.135,2.485,2.33,2.205,2.15,2.89,1.54,2.305,2.62,1.27,0.885,1.12,0.715,1.43,1.755,2.02,1.57,2.065,0.47,1.375,1.705,1.345,1.155,2.96,2.59,1.685,2.24,0.785,2.135,0.465,2014,"127.rwl","1272200A","127","2200"
0.765,1.225,0.97,1.695,1.59,1.435,1.92,1.205,1.235,1.155,1.8,1.125,0.945,1.33,0.475,1.59,0.83,0.75,0.27,0.685,0.08,0.23,0.555,0.5,0.365,1.135,1.49,1.275,1.13,0.31,0.63,0.32,2014,"127.rwl","1275998A","127","5998"
1.5,2.11,1.905,3.45,3.565,2.805,2.9,1.62,2.525,2.535,2.2,1.52,2.145,2.23,0.95,2.385,1.88,2.6,1.08,1.235,0.285,0.955,1.185,0.72,0.44,2.095,1.825,1.49,1.72,0.82,1.36,0.615,2014,"137.rwl","1372126A","137","2126"
1.3,1.305,1.15,1.03,0.99,1.02,1.03,0.72,0.755,0.915,0.915,0.875,0.84,1.045,0.49,1.25,0.795,1.12,0.47,0.595,0,0.21,0.685,0.375,0,0.635,0.88,0.72,0.745,0.24,0.63,0.245,2014,"137.rwl","1372129A","137","2129"
0.44,0.44,0.4,0.595,0.715,0.575,0.855,0.42,0.34,0.665,0.55,0.43,0.485,0.525,0,0.545,0.38,0.495,0.165,0.395,0,0.11,0.365,0.395,0,0.45,0.35,0.295,0.595,0,0.31,0,2014,"137.rwl","1372157A","137","2157"
3.18,4.71,5.935,4.08,4.46,4.265,5.225,2.895,2.675,3.03,2.525,2.285,2.255,2.955,0.635,2.535,1.45,2.145,0.55,2.205,0,2.67,2.3,1.59,1.59,1.92,2.41,2.065,1.65,0.375,1.085,0.485,2014,"137.rwl","1372175A","137","2175"
0.55,0.7,0.725,0.88,0.955,0.885,0.97,0.42,0.675,0.705,0.68,0.655,0.48,0.89,0.23,0.885,0.46,0.515,0.13,0.56,0,0.16,0.39,0.315,0.195,0.545,0.42,0.46,0.485,0.165,0.465,0.17,2014,"137.rwl","1372180A","137","2180"
1.71,2.965,2.705,2.58,2.88,1.915,2.575,1.83,1.705,2.09,1.945,1.515,1.48,2.655,0.76,1.89,1.64,1.865,0.875,1.125,0.125,0.475,0.71,0.525,0.225,1.095,1.265,1.095,1.835,0.245,0.84,0,2014,"141.rwl","1410923A","141","0923"
0.53,0.625,0.56,0.595,0.965,0.91,1.22,1.39,1.795,2.29,1.345,0.915,0.675,1.12,0.26,0.785,0.65,0.725,0.335,0.33,0,0.205,0.32,0.38,0,0.565,0.505,0.43,0.495,0.1,0.385,0,2014,"141.rwl","1410926A","141","0926"
1.895,2.25,1.675,1.89,2.305,2.66,3.02,1.135,1.775,3.26,2.51,2.29,1.965,3.05,0.76,1.46,1.025,1.435,0.695,0.725,0.29,0.435,0.995,1.48,0.695,1.735,1.58,1.2,1.255,0.165,0.72,0.13,2014,"141.rwl","1410934A","141","0934"
1.865,2.815,1.97,1.99,2.23,2.215,2.515,1.055,0.82,1.3,1.435,1.7,1.375,2.56,0.245,1.5,0.97,0.85,0.43,1.15,0.27,0.38,0.77,1.325,0.15,1.39,1.665,1.49,1.78,0.195,0.87,0.12,2014,"141.rwl","1410935A","141","0935"
0.95,1.12,1.005,0.705,0.69,0.88,0.965,0.765,0.5,0.875,1.04,1.265,1.115,1.375,0.14,0.755,0.885,1.125,0.44,0.515,0.135,0.195,0.435,0.765,0.15,0.46,0.775,0.535,0.465,0,0.32,0.26,2014,"141.rwl","1410937A","141","0937"
0.745,1.125,0.725,1.125,0.99,0.91,1.17,0.605,0.705,0.815,0.9,0.74,0.37,0.9,0.38,0.805,0.405,0.695,0.18,0.38,0,0.075,0.5,0.465,0.17,0.855,0.495,0.515,0.47,0,0.28,0,2014,"141.rwl","1410938A","141","0938"
2.08,2.49,2.05,2.41,2.22,1.815,2.54,1.255,1.175,2.105,2.185,2.385,2.11,3.485,0.5,1.985,1.22,1.63,0.61,1.015,0.355,0.585,1.175,1.935,0.605,3.25,2.515,2.24,1.795,0.255,0.905,0.305,2014,"141.rwl","1410941A","141","0941"
3.255,3.16,2.71,2.565,3.195,3.005,3.43,1.605,2.32,2.97,3.04,2.645,3.855,5.115,1.28,1.925,1.55,1.715,1.09,1.41,0.475,0.74,1.28,1.965,0.775,2.155,2.21,1.775,1.755,0.61,2.64,2.055,2014,"141.rwl","1410944A","141","0944"
0.37,0.52,0.445,0.455,0.555,0.525,0.47,0.425,0.21,0.455,0.445,0.5,0.3,0.535,0.2,0.495,0.295,0.285,0.07,0.24,0,0.085,0.185,0.285,0,0.275,0.455,1.015,1.27,0.585,0.825,0.34,2014,"143.rwl","1432000A","143","2000"
0.345,0.56,0.44,0.57,0.67,0.325,0.775,0.27,0.31,0.57,0.56,0.475,0.21,0.485,0,0.41,0.265,0.365,0.115,0.28,0,0,0.275,0.315,0,0.405,0.585,1.005,0.75,0.175,0.52,0.41,2014,"143.rwl","1432558A","143","2558"
1.21,1.35,0.995,1.28,1.385,1.195,1.765,0.415,1.275,1.475,1.375,1.165,0.755,1.065,0.365,0.865,0.585,0.86,0.285,0.475,0,0.195,0.28,0.37,0.35,0.55,1.015,2.72,3.23,2.99,3.185,2.415,2014,"143.rwl","1432562A","143","2562"
1.255,1.9,1.48,1.64,1.69,1.345,1.82,1.045,1.465,1.65,1.635,1.65,1.13,2.025,0.795,1.59,1.03,1.345,0.385,0.9,0,0.46,0.545,0.455,0.215,0.995,0.995,2.595,2.225,1.465,2.175,0.96,2014,"143.rwl","1432563A","143","2563"
0.245,0.295,0.265,0.495,0.47,0.485,0.84,0.24,0.455,0.585,0.435,0.285,0.545,0.785,0,0.625,0.25,0.59,0.2,0.315,0,0.08,0.46,0.26,0,0.47,0.38,0.425,0.44,0,0.375,0,2014,"145.rwl","14519751","145","1975"
0.645,0.855,0.325,0.86,0.825,0.675,0.825,0.305,0.765,1.255,1.135,0.735,0.865,0.8,0.22,0.89,0.36,0.88,0.24,0.465,0,0.075,0.355,0.555,0,0.415,0.635,0.47,0.61,0.28,0.305,0.175,2014,"145.rwl","14519411","145","1941"
0.415,0.52,0.495,0.5,0.635,0.525,0.725,0.255,0.275,0.53,0.43,0.33,0.345,0.465,0,0.285,0.155,0.43,0.16,0.33,0,0.14,0.16,0.245,0,0.215,0.325,0.435,0.31,0,0.215,0,2014,"145.rwl","14519421","145","1942"
0.375,0.38,0.45,0.725,0.815,0.82,0.875,0.415,0.605,0.645,0.795,0.455,0.545,0.62,0,0.54,0.285,0.6,0.2,0.375,0,0,0.265,0.19,0,0.21,0.175,0.26,0.16,0,0.275,0,2014,"145.rwl","14519541","145","1954"
0.745,0.74,0.475,0.715,0.805,0.965,1.085,0.355,0.575,0.82,0.545,0.385,0.415,0.6,0.25,0.555,0.485,0.575,0.385,0.4,0,0.23,0.325,0.415,0.28,0.66,1.205,1.13,1.48,0.7,1.085,0.66,2014,"145.rwl","14519661","145","1966"
0.295,0.485,0.435,0.57,0.755,0.62,0.97,0.415,0.635,0.525,0.425,0.305,0.555,0.525,0,0.39,0.27,0.305,0.265,0.24,0,0,0.205,0.27,0,0.31,0.3,0.145,0.385,0,0.425,0,2014,"145.rwl","14519671","145","1967"
0.745,1.09,0.77,1.27,1.24,1.35,1.125,0.725,0.925,0.88,0.995,0.525,0.91,1.015,0.22,1.295,0.69,0.985,0.485,0.63,0,0.2,0.48,0.505,0.085,0.625,0.6,0.495,0.63,0.26,0.685,0.19,2014,"145.rwl","14519691","145","1969"
0.56,0.53,0.475,0.67,0.975,0.925,0.99,0.535,0.645,0.75,0.87,0.59,0.69,0.785,0,0.95,0.24,0.66,0.41,0.445,0,0.235,0.44,0.435,0.155,0.795,0.715,0.43,0.485,0.265,0.68,0.225,2014,"145.rwl","14519701","145","1970"
0.32,0.42,0.435,0.475,0.545,0.385,0.58,0.215,0.325,0.52,0.635,0.425,0.445,0.695,0.23,0.71,0.46,0.77,0.235,0.34,0,0.14,0.36,0.345,0.165,0.6,0.695,0.625,0.495,0.13,0.49,0.105,2014,"145.rwl","14519761","145","1976"
0.705,0.925,0.89,1.14,1.4,0.845,1.175,0.58,0.5,0.715,0.425,0.565,1.025,1.275,0.255,1.42,0.64,0.915,0.355,0.635,0,0.265,0.715,0.925,0.26,0.9,0.905,0.995,1.025,0.345,0.845,0.23,2014,"145.rwl","14519771","145","1977"
0.97,1.295,1.1,2.235,2.155,1.92,1.82,0.505,0.96,1.205,1.405,0.905,1.41,1.63,0.5,2.045,1.15,1.705,0.695,0.975,0.205,0.355,0.465,0.425,0.22,0.83,0.98,1.015,0.56,0.21,0.445,0.25,2014,"145.rwl","14519801","145","1980"
0.49,0.55,0.465,0.725,1.09,0.815,1.14,0.45,0.59,0.655,0.535,0.445,0.62,0.765,0,0.525,0.31,0.51,0.205,0.365,0,0,0.245,0.26,0,0.29,0.27,0.175,0.265,0,0.25,0,2014,"145.rwl","14519811","145","1981"
0.495,0.645,0.56,0.615,0.92,0.715,0.98,0.56,0.65,0.555,0.51,0.425,0.725,0.61,0,0.685,0.4,0.56,0.37,0.485,0,0.19,0.345,0.405,0,0.755,0.675,0.46,0.565,0.08,0.53,0.06,2014,"145.rwl","14519961","145","1996"
0.845,1.545,1.305,1.59,1.365,1.475,1.82,0.87,1.355,1.405,1.56,1.41,1.145,1.8,0.45,0.965,0.86,1.405,0.525,0.66,0,0.09,0.14,0.23,0,0.46,0.745,0.845,1.23,0.165,0.845,0.08,2014,"147.rwl","1470346A","147","0346"
0.705,1.46,1.36,1.495,1.495,1.01,1.445,0.75,0.835,1.285,1.245,0.85,0.485,0.9,0.14,0.89,0.535,1.15,0.345,0.275,0,0,0.19,0.37,0,0.9,0.87,0.635,0.865,0.305,0.975,0.275,2014,"147.rwl","1470349A","147","0349"
1.245,1.49,1.605,1.365,1.745,1.19,1.16,0.63,1.055,1.28,1.405,1.365,1.34,1.975,0.57,1.17,1.11,1.175,0.55,0.815,0,0.225,0.94,0.615,0.37,1.11,0.65,0.655,1.105,0.11,1.05,0.23,2014,"147.rwl","1470352A","147","0352"
1.57,1.935,1.6,1.655,2.745,2.34,2.365,1.635,2.085,2.15,2.21,2.03,1.345,2.15,1.05,1.62,1.255,2.26,1.265,1.22,0.215,0.265,0.855,0.965,0.415,1.13,1.025,0.79,0.76,0.215,0.305,0.01,2014,"147.rwl","1470356A","147","0356"
1.21,1.24,0.92,1.215,1.48,1.34,1.11,0.475,0.835,0.95,1.28,1.18,0.885,1.175,0.39,1.11,0.8,0.74,0.285,0.635,0,0.165,0.305,0.39,0.12,0.68,0.455,0.505,0.48,0.095,0.71,0.17,2014,"147.rwl","1470985A","147","0985"
0.52,0.85,0.775,1.05,1.385,1.32,1.255,0.465,0.595,1.295,0.995,0.83,0.74,0.94,0.355,0.75,0.57,0.925,0.38,0.635,0,0.22,0.625,0.71,0,0.77,0.64,0.445,0.57,0,0.46,0,2014,"147.rwl","1470989A","147","0989"
1.755,2.4,1.755,2.395,3.08,2.955,2.815,1.41,1.41,2.56,2.665,2.27,2.215,2.515,0.72,1.645,1.315,2.02,0.86,1.245,0.59,0.85,1.69,2.9,1.59,3.685,3.91,3.25,1.81,0.7,1.455,0.55,2014,"147.rwl","1470994A","147","0994"
1.505,1.955,1.205,1.715,1.92,1.73,1.435,0.59,0.83,0.91,1.255,1.12,0.66,1.035,0.505,0.835,0.83,1.345,0.77,0.58,0,0.155,0.255,0.33,0.17,0.78,0.82,0.8,0.96,0,0.515,0.165,2014,"147.rwl","1471350A","147","1350"
1.02,0.8,1,2.3,2.565,1.84,1.765,0.77,0.685,1.315,1.785,1.33,0.805,1.36,0.71,1.285,0.78,0.875,0.355,1.53,0.135,0.31,0.315,0.575,0.395,1.415,1.74,1.545,1.205,0.36,1.175,0.895,2014,"147.rwl","1471446A","147","1446"
1.265,2.425,1.74,2.18,2.535,2.795,2.82,1.035,1.14,1.48,1.69,1.4,1.285,1.91,0.335,1.095,0.575,0.9,0.38,0.7,0.225,0.365,0.81,1.385,0.525,1.51,1.315,1.49,1.105,0.2,0.795,0.19,2014,"147.rwl","1478101A","147","8101"
0.285,0.605,0.465,0.56,0.77,0.55,0.76,0.23,0.265,0.655,0.6,0.535,0.355,0.62,0.215,0.61,0.48,0.67,0.27,0.57,0,0.345,0.33,0.215,0,0.73,0.87,0.61,0.395,0,0.35,0,2014,"147.rwl","1470251A","147","0251"
1.25,1.81,1.475,1.625,2.06,1.8,2.135,1.01,1.115,1.115,1.6,1.48,1,1.785,0.725,1.915,1.18,2,0.825,1.04,0,0.48,0.62,0.565,0.205,0.83,1.115,1.125,0.72,0.42,0.96,0,2014,"149.rwl","1490501A","149","0501"
0.905,0.93,0.985,1.42,1.475,1.195,1.625,0.79,0.895,1.215,0.94,1.07,0.955,1.15,0.575,0.915,0.56,1.49,0.71,0.835,0,0.505,0.6,0.51,0.485,1.035,0.8,0.93,1.12,0.56,0.87,0.3,2014,"149.rwl","1490503A","149","0503"
1.069,1.069,1.201,1.489,1.768,1.607,1.74,0.938,0.935,1.343,1.146,1.1,1.075,1.489,0.665,1.356,0.77,1.078,0.302,0.843,0,0.325,0.861,0.939,0.385,1.083,0.97,1.255,0.864,0.142,0.414,0.542,2014,"149.rwl","1490505A","149","0505"
0.44,0.456,0.46,0.526,0.699,0.699,0.685,0.449,0.382,0.73,0.569,0.732,0.485,0.82,0.262,0.6,0.36,0.429,0.125,0.375,0,0,0.21,0.19,0,0.244,0.21,0.302,0.298,0,0.092,0,2014,"149.rwl","1490506A","149","0506"
0.68,0.79,0.73,1.09,1.33,1.34,1.3,0.705,0.85,0.885,1.065,0.77,0.725,0.915,0.175,0.875,0.61,0.84,0.145,0.54,0,0.2,0.5,0.42,0.085,0.75,0.59,0.495,0.58,0,0.385,0,2014,"149.rwl","14905071","149","0507"
1.61,1.582,1.414,1.948,1.819,1.863,1.864,1.007,1.113,1.515,1.168,1.507,1.18,1.504,0.85,1.439,1.12,1.048,0.966,0.97,0.655,0.502,1.035,0.745,1.155,1.844,0.653,0.942,1.365,0.713,1.358,0.396,2014,"149.rwl","1490510A","149","0510"
0.936,1.042,1.222,1.227,1.726,1.373,1.683,0.997,0.819,1.088,1.122,0.914,0.826,0.901,0.466,0.95,0.67,1.069,0.286,0.705,0,0.163,0.484,0.355,0.114,0.701,0.919,0.863,0.903,0.3,0.783,0.25,2014,"149.rwl","1490511A","149","0511"
1.563,1.619,1.536,2.198,2.22,1.733,1.31,1.026,0.88,1.565,1.485,1.192,1.166,1.497,0.843,1.156,0.91,1.484,1.054,1.461,0.219,0.743,1.112,1.373,0.871,1.702,1.577,1.619,1.56,0.619,1.25,0.982,2014,"149.rwl","1490513A","149","0513"
1.961,2.45,1.798,2.342,2.223,1.377,1.973,1.02,1.127,2.274,2.033,1.395,2.241,2.676,0.895,1.774,1.345,2.511,1.016,1.698,0.353,0.938,1.332,1.804,1.671,2.378,3.209,2.717,2.476,1.667,2.194,1.431,2014,"149.rwl","1490524A","149","0524"
1.365,1.885,1.635,2.03,1.975,1.675,1.895,1.155,1.065,1.35,1.32,1.09,1.02,1.625,0.515,0.93,0.73,1.145,0.545,0.775,0.24,0.53,1.15,0.825,0.53,1.11,0.9,0.795,0.975,0.255,0.875,0.34,2014,"151.rwl","1512101A","151","2101"
0.93,0.79,0.575,0.955,1.13,1.045,1.535,1.12,0.915,1.11,1.03,0.995,1.025,1.54,0.295,1.125,0.925,1.42,0.67,1.35,0,0.59,0.76,0.91,0.35,0.81,0.595,0.68,1.01,0,0.695,0,2014,"151.rwl","1512103A","151","2103"
0.575,0.695,0.44,0.54,0.73,0.535,0.66,0.52,0.255,0.53,0.465,0.495,0.42,0.61,0.215,0.49,0.405,0.54,0.295,0.32,0,0,0.315,0.44,0,0.53,0.605,0.155,0.315,0.28,0.4,0.21,2014,"151.rwl","1512106A","151","2106"
0.91,1.055,1.005,1.03,1.57,1.28,1.865,1.74,1.32,1.4,1.87,1.54,1.735,2.235,0.64,1.54,1.065,1.69,0.93,1.28,0.26,0.44,0.715,0.815,0.5,1.375,1.69,1.715,1.535,0.3,1.07,0.185,2014,"151.rwl","1512107A","151","2107"
0.652,0.952,0.902,1.316,1.648,1.066,1.194,0.719,0.51,0.672,0.77,0.6,0.573,0.838,0.106,0.693,0.436,0.511,0.253,0.299,0,0,0.377,0.433,0,0.452,0.117,0.205,0.385,0,0.427,0,2014,"151.rwl","1512109A","151","2109"
0.676,0.723,0.716,0.829,0.694,0.805,0.847,0.752,0.773,1.151,1.091,0.827,0.592,0.711,0.261,0.512,0.385,0.527,0.232,0.459,0,0.184,0.285,0.427,0,0.282,0.518,0.337,0.183,0,0.263,0,2014,"151.rwl","1512110A","151","2110"
0.605,0.665,0.655,0.885,1.375,1.315,1.73,0.89,1.14,1.34,1.345,0.895,0.81,1.045,0.245,0.76,0.435,0.53,0.335,0.62,0,0.24,0.36,0.53,0,0.56,0.425,0.42,0.73,0,0.405,0,2014,"151.rwl","1512114A","151","2114"
0.955,0.668,0.598,0.682,0.743,0.885,1.377,0.822,0.936,1.278,1.244,0.843,0.728,1.253,0.613,1.065,0.795,1.016,0.658,0.657,0.068,0.406,0.715,0.668,0.465,0.927,0.866,1.173,1.175,0.284,0.774,0.25,2014,"151.rwl","1512117A","151","2117"
1.108,1.137,1.332,1.216,1.367,1.409,1.597,1.003,1.017,1.318,1.49,0.964,1.096,1.757,0.344,1.5,1.184,1.686,1.109,1.394,0,1.46,0.844,0.865,0.351,1.339,1.069,0.828,0.774,0.147,0.984,0.085,2014,"151.rwl","1512118A","151","2118"
1.092,0.954,0.684,0.717,1,0.761,1.173,1.004,0.727,1.212,1.016,1.124,1.461,1.793,1.383,1.882,1.112,1.829,1.241,1.32,0.066,0.423,0.525,0.793,0.467,0.703,0.756,0.798,0.909,0.094,0.693,0.066,2014,"151.rwl","1512600A","151","2600"
1.17,1.455,1.29,1.825,1.84,1.465,1.875,1.405,1.5,1.62,1.505,1.055,1.065,1.625,0.74,1.29,1,1.415,0.41,0.88,0,0.425,0.625,0.575,0.32,0.755,0.785,0.58,0.72,0.175,0.625,0.275,2014,"156.rwl","1560545A","156","0545"
0.691,1.044,0.972,1.098,1.288,1.311,1.267,0.903,0.483,0.817,0.793,0.595,1.098,1.496,0.98,1.225,1.627,2.36,1.235,1.238,0.375,0.436,1.063,0.889,0.476,1.093,1.073,1.319,1.017,0.407,0.82,0.122,2014,"156.rwl","1560554a","156","0554"
1.269,1.507,1.075,1.867,2.001,1.586,2.032,0.884,1.017,1.3,1.66,1.198,1.171,1.916,0.9,1.591,1.454,1.965,0.876,0.992,0.159,0.348,0.816,0.766,0.678,1.677,1.824,1.463,1.529,0.773,1,0.501,2014,"156.rwl","1560561a","156","0561"
1.485,2.235,1.625,1.9,3.17,4.195,6.91,3.77,2.735,2.09,1.635,2,1.96,3.005,1.655,2.19,1.72,1.16,0.755,1.165,0.215,0.405,0.995,1.335,0.465,1.3,1.46,1.415,0.94,0.335,0.87,0.21,2014,"156.rwl","1560562a","156","0562"
2.572,2.488,2.3,2.286,2.753,1.871,2.21,1.268,1.373,2.176,1.839,1.049,1.429,2.031,1.23,2.007,2.361,1.993,1.674,1.679,0.345,0.486,1.087,1.709,0.717,1.243,1.99,1.733,1.357,1.081,1.798,0.596,2014,"156.rwl","1560572a","156","0572"
1.594,1.551,1.123,1.705,1.605,0.872,1.565,0.504,0.251,0.149,0.631,0.439,0.569,0.829,0.57,1.275,1.507,2.72,1.344,1.352,0,0.451,0.9,1.036,0.608,1.237,1.628,1.253,1.935,0.95,1.265,0.685,2014,"156.rwl","1560574a","156","0574"
0.93,1.223,0.911,0.774,0.955,1.069,0.862,0.436,0.275,0.758,0.751,0.344,0.397,0.77,0.448,0.725,0.396,0.513,0.32,0.347,0,0.184,0.42,0.58,0.344,0.862,0.828,1.041,0.992,0.328,0.666,0.374,2014,"156.rwl","1560576a","156","0576"
1.085,1.538,1.852,2.686,2.624,2.199,3.203,1.147,2.156,2.626,2.167,1.904,2.524,2.918,1.106,1.198,0.96,1.921,0.95,1.762,0.38,0.622,1.154,0.924,0.713,1.311,1.448,1.262,1.04,0.533,0.783,0.307,2014,"156.rwl","1560578a","156","0578"
1.165,1.27,1.21,1.64,1.74,1.23,2.075,0.735,1.215,1.45,1.885,0.975,1.685,1.795,1.465,2,2.625,2.755,1.185,1.5,0.415,0.62,1.265,0.665,0.835,1.665,1.58,1.51,1.565,0.99,0.805,0.55,2014,"156.rwl","1560802A","156","0802"
1.759,1.923,1.653,2.167,2.332,2.055,2.392,1.452,1.374,1.769,1.743,1.659,1.55,2.531,0.731,1.762,1.554,1.908,1.218,1.006,0,0.493,1.035,0.738,0.339,0.917,0.729,0.683,0.815,0.104,0.358,0,2014,"156.rwl","1560803a","156","0803"
0.686,1.019,0.586,0.803,0.747,0.842,0.737,0.337,0.298,0.526,0.622,0.531,0.456,0.786,0.069,0.53,0.351,0.44,0.176,0.311,0,0.188,0.204,0.374,0.129,0.52,0.444,0.289,0.342,0.069,0.237,0.049,2014,"158.rwl","1580653A","158","0653"
0.665,0.825,0.915,0.85,1.135,1.355,1.16,0.41,0.76,0.87,1.03,0.785,0.7,0.765,0.38,0.715,0.675,0.61,0.43,0.495,0,0.275,0.405,0.52,0.16,0.475,0.525,0.265,0.49,0.095,0.23,0.1,2014,"158.rwl","1580655A","158","0655"
1.531,1.606,1.261,1.258,1.014,1.433,1.659,0.657,0.836,1.574,1.697,1.613,1.511,1.956,0.523,1.39,0.976,1.309,0.56,0.74,0,0.425,0.783,0.909,0.289,0.773,0.636,0.551,0.643,0.059,0.336,0.115,2014,"158.rwl","1580658A","158","0658"
0.935,0.985,0.925,1.412,1.448,1.007,1.254,0.445,0.548,0.779,0.727,0.738,0.438,0.628,0.093,0.551,0.627,0.544,0.316,0.511,0,0.235,0.325,0.377,0.081,0.459,0.465,0.354,0.495,0.212,0.32,0.128,2014,"158.rwl","1580675B","158","0675"
0.284,0.461,0.379,0.527,0.565,0.492,0.595,0.349,0.415,0.382,0.522,0.352,0.392,0.463,0,0.48,0.314,0.237,0.148,0.288,0,0.102,0.189,0.164,0,0.242,0.263,0.172,0.226,0,0.105,0.043,2014,"158.rwl","1580684A","158","0684"
1.856,2.577,2.011,2.509,2.287,2.155,2.544,1.323,1.731,1.997,2.379,2.334,2.218,2.66,0.7,1.509,1.415,1.431,0.627,0.903,0.173,0.443,0.624,1.105,0.757,1.832,2.244,1.671,1.276,0.363,0.687,0.391,2014,"158.rwl","1580687B","158","0687"
0.718,1.083,0.968,1.299,1.196,0.956,1.2,0.641,0.606,1.301,1.218,0.913,0.746,1.14,0.366,0.723,0.419,0.711,0.324,0.608,0,0.281,0.427,0.38,0,0.198,0.524,0.39,0.254,0,0.619,0.405,2014,"158.rwl","1580688A","158","0688"
0.424,0.379,0.461,0.621,0.684,0.474,0.52,0.433,0.289,0.484,0.646,0.465,0.37,0,0,0.3,0.39,0.278,0.095,0.332,0,0.213,0.372,0.184,0.364,0.311,0.525,0.325,0.285,0,0.25,0.119,2014,"158.rwl","1580690A","158","0690"
1.79,1.98,2.235,2.72,3.035,3,2.9,1.82,2.355,3.09,2.93,2.41,2.03,2.67,0.775,2.04,2.295,2.77,1.865,2.105,0,0.865,1.58,2.34,0.875,1.825,1.59,1.425,1.525,0.99,1.3,0.535,2014,"162.rwl","16217591","162","1759"
0.67,0.775,0.5,0.75,0.945,0.83,0.965,0.26,0.34,0.41,0.43,0.425,0.38,0.7,0,0.84,0.385,0.615,0.13,0.24,0,0,0.215,0.185,0,0.215,0.275,0.25,0.2,0,0.155,0,2014,"162.rwl","16217701","162","1770"
0.27,0.555,0.535,0.8,1.06,0.71,1.105,0.28,0.25,0.405,0.64,0.54,0.43,0.76,0,0.4,0.19,0.435,0.08,0.38,0,0,0.215,0.26,0,0.38,0.205,0.28,0.275,0,0.135,0,2014,"162.rwl","16217741","162","1774"
2.42,1.895,2.255,1.965,2.245,1.975,2.265,1.49,1.685,2.615,2.095,1.475,1.62,2.44,0.45,1.685,1.19,1.6,0.645,1.13,0.11,0.565,0.69,0.825,0.445,1.015,0.925,1.13,0.83,0.305,0.71,0.135,2014,"162.rwl","16217891","162","1789"
0.98,1.505,1.41,1.58,2.39,2.26,2.045,0.975,0.98,1.315,1.005,0.95,1.445,2.555,0.25,1.5,0.595,0.76,0.555,1.14,0.17,0.16,0.305,0.45,0,0.49,0.485,0.455,0.68,0.14,0.5,0.075,2014,"162.rwl","16217971","162","1797"
0.71,0.76,0.585,0.51,0.72,0.69,0.85,0.37,0.82,1.16,1.12,0.925,0.58,1.29,0.855,1.24,1.045,1.635,1.535,1.18,0.235,0.32,0.745,0.62,0.405,1.105,1.5,1.435,1.62,0.835,1.31,1.095,2014,"162.rwl","16226721","162","2672"
0.54,0.465,0.45,0.48,0.64,0.83,0.985,0.65,1.31,3.3,2.88,2.06,1.77,2.235,0.455,1.475,1.58,1.995,1.025,0.86,0,0.29,0.595,0.76,0.135,0.965,0.805,0.66,1.05,0.22,0.625,0.085,2014,"162.rwl","16226741","162","2674"
0.725,0.78,0.81,1.12,1.22,1.465,1.565,0.98,1.4,1.955,1.655,1.65,1.565,1.76,0.505,1.67,1.19,1.36,0.95,1.085,0.16,0.525,0.845,0.64,0.41,0.95,0.925,0.93,0.72,0.315,0.705,0.275,2014,"162.rwl","16226891","162","2689"
1.465,1.405,1.16,2.06,2.14,1.81,2.155,1.34,1.5,1.355,1.52,1.595,1.225,1.415,0.12,1.125,1.005,1.18,0.535,1.315,0.325,0.64,1.185,1.8,0.275,1.6,1.93,1.215,1.3,0.15,0.74,0.285,2014,"164.rwl","1640596A","164","0596"
0.755,1.24,0.89,1.515,1.41,1.24,1.3,0.375,0.865,0.745,0.9,0.84,0.57,1.09,0.125,0.96,0.44,0.355,0.25,0.565,0,0.135,0.54,0.46,0.08,0.51,0.42,0.2,0.455,0.145,0.3,0,2014,"164.rwl","1640597A","164","0597"
1.98,2.805,1.92,2.33,2.675,2.2,2.435,1.21,0.945,1.42,1.48,1.15,1.495,1.725,0.54,1.31,1.16,1.41,0.62,1.035,0,0.41,0.74,0.575,0.44,1.305,1.485,1.155,1.285,0.445,0.68,0.49,2014,"164.rwl","1640600A","164","0600"
1.785,1.905,2.095,2.525,2.625,1.77,2.44,1.335,1.585,1.88,2.045,1.395,1.17,1.775,0.39,1.49,0.58,0.97,0.62,0.935,0,0.36,0.705,0.72,0.34,1.13,0.99,1.11,1.325,0.65,1.38,0.455,2014,"164.rwl","1640601A","164","0601"
1.015,0.91,0.97,1.42,1.875,1.485,1.425,0.8,0.815,1.36,1.305,1.085,0.985,1.445,0,1.01,0.445,0.74,0.385,0.6,0,0.565,0.495,0.72,0,0.68,0.58,0.79,0.22,0.165,0.51,0.09,2014,"164.rwl","1640602A","164","0602"
1.295,1.57,0.965,1.53,1.565,1.32,1.935,0.87,1.09,1.23,1.305,1.24,0.65,1.21,0.125,0.905,0.58,0.56,0.195,0.62,0,0.07,0.26,0.355,0,0.45,0.65,0.205,0.24,0,0.255,0,2014,"164.rwl","1640606A","164","0606"
0.82,1.025,0.685,1.045,1.385,0.77,0.635,0.46,0.705,0.975,1.11,0.74,0.535,1.105,0.21,0.705,0.445,0.63,0.325,0.575,0,0.125,0.32,0.32,0.075,0.775,0.555,0.5,0.63,0.085,0.735,0.14,2014,"164.rwl","1640608A","164","0608"
1.855,2.1,1.185,2.175,2.39,1.625,2.33,1.11,1.885,2.275,2.385,1.57,1.065,1.975,0.3,1.265,0.875,1.225,0.48,1.1,0,0.39,0.81,1.145,0.42,1.215,1.445,1.255,1.395,0.59,1.155,0.375,2014,"164.rwl","1640609A","164","0609"
1.365,1.725,1.605,1.755,2.645,1.76,1.72,0.5,0.835,1.385,1.505,1.04,0.85,1.51,0.425,1.255,0.93,1.07,0.65,0.915,0,0.11,0.585,0.95,0.23,1.03,1.1,1.06,1.18,0.41,0.76,0.245,2014,"164.rwl","1640610A","164","0610"
0.525,0.525,0.47,0.84,0.925,0.835,0.765,0.43,0.615,0.835,0.995,0.79,0.425,0.77,0,0.65,0.415,0.515,0.21,0.545,0,0.185,0.415,0.575,0,0.81,0.895,0.54,0.86,0,0.53,0.11,2014,"164.rwl","1640616A","164","0616"
0.7,1.12,1.12,1.765,1.59,1.255,1.125,0.335,0.805,0.815,0.695,0.59,0.395,0.55,0.115,0.555,0.43,0.68,0.31,0.66,0.13,0.345,0.88,0.89,0.275,0.645,0.54,0.47,0.575,0.09,0.44,0.3,2014,"164.rwl","1640617A","164","0617"
0.525,0.715,0.76,0.81,1.085,0.95,1.08,0.34,0.645,0.465,0.52,0.475,0.395,0.5,0.095,0.62,0.675,0.765,1.175,0.935,0,0.2,0.56,0.65,0.25,0.625,0.89,0.61,0.675,0,0.51,0,2014,"164.rwl","1640618A","164","0618"
1.98,2.275,1.81,1.895,3.02,2.195,3,1.665,1.405,2.75,2.95,2.68,2.29,3.4,1.62,2.84,1.98,2.28,1.505,1.725,0.515,1.165,1.64,1.65,1.31,3.385,2.855,2.3,1.805,0.735,1.725,1.065,2014,"166.rwl","1660715A","166","0715"
1.722,2.471,2.652,2.308,3.361,3.032,3.576,2.13,2.513,2.974,2.675,1.978,1.971,4.052,2.023,2.748,2.052,2.951,1.399,0.587,0.352,1.041,1.426,0.902,1.21,1.62,1.423,0.934,1.028,0.698,0.832,0.421,2014,"166.rwl","1660723a","166","0723"
1.488,1.93,1.898,2.582,2.688,1.917,1.871,0.813,1.223,1.385,1.741,1.605,0.972,1.603,0.476,1.354,1.031,1.422,0.467,1.329,0,2.064,0.77,1.16,0.333,1.256,0.938,0.9,1.228,0.234,0.728,0.348,2014,"166.rwl","1660725A","166","0725"
0.905,0.93,1.025,1.21,1.45,1.215,1.405,0.78,0.855,1.05,1.245,1.155,0.925,1.26,0.555,1.005,0.705,0.81,0.62,0.91,0.23,0.41,0.435,0.435,0,0.815,0.925,0.86,1.045,0.355,0.78,0.18,2014,"166.rwl","1660737A","166","0737"
0.49,0.685,0.79,0.575,0.97,1.125,0.98,0.51,0.555,0.655,0.705,0.85,0.47,0.945,0,0.65,0.33,0.475,0.225,0.365,0,0.085,0.465,0.32,0,0.45,0.425,0.285,0.345,0,0.205,0.1,2014,"166.rwl","1660738A","166","0738"
0.85,1.315,1.295,1.57,1.805,1.235,0.705,0.755,1.005,1.16,0.96,0.66,0.645,1.045,0.64,1,0.755,0.91,0.56,0.635,0,0.34,0.495,0.48,0.32,1.115,0.975,0.96,0.655,0.41,0.845,0.415,2014,"166.rwl","1660739A","166","0739"
