plot,Tree number,Species,X coord,Y coord,T1_DBH,Tree CX code,Leaf Cx,Leaf Density,Stem,Insects,Meristem,T2_DBH,Tree height,,,
113,1343,PIPO,33.3,35,25.1,DSF,,,,,,,,,,
113,1364,PIPO,15.9,20.2,34.3,DSF,,,,,,,,,,
113,1365,PIPO,6.5,23,43.2,LF,1.5,1.5,1.5,1.5,1,42.4,14.88,,,
113,1366,PIPO,2,34,31.4,LG,2,2,2,2,2,35.5,15.39,,,
113,1367,PIPO,16.4,22.3,47.4,LG,1,2,2,1,1,47.7,20.87,,,
113,1401,PIPO,33.4,38.9,40.1,LF,2,1,1,2,1.5,40.2,17.54,,,
113,1402,PIPO,31.5,38.5,40.5,LF,2,1,1,2,2,42.4,18.63,,,
113,1403,PIPO,28.5,40.2,42.1,LF,2,2,2,2,2,42.3,15.79,,,
113,1404,PIPO,26.8,35.2,29.5,LF,2,2,1,2,1.5,31.1,9.76,,,
113,1405,PIPO,27.2,35.8,25.5,LG,2,2,2,2,2,27.2,12.49,,,
113,1406,PIPO,23.4,49.2,36.3,LG,2,1,1,2,2,37.2,18.05,,,
113,1407,PIPO,13.5,43.9,27.9,LE,2,2,2,2,2,31.1,12.32,,,
113,1408,PIPO,8.7,40.5,39.6,LF,1,1,2,1,2,39.5,16.52,,,
113,1409,PIPO,0.5,37.3,39.3,LG,2,2,2,1,2,41,18.28,,,
113,1410,PIPO,0.2,42.3,33.7,LG,2,2,1.5,2,2,35.4,8.65,,,
113,1417,PIPO,14.1,5.8,50.2,LG,2,2,1,2,2,51.6,18.9,,,
113,1418,PIPO,22.5,11.9,49.5,LF,,,,,,,,,,DSF
113,1419,PIFL,35.1,12.6,43,LG,2,0.5,1.5,2,0,43.5,13.05,,,
113,1423,PIST,23.1,0.9,24.7,LE,,,,,,,,,,DSF
113,1425,PSME,25.4,1.8,29.3,LE,1,1,2,2,1,33.9,17.17,,,
113,1427,PSME,29.8,7.5,30.6,LE,2,2,2,2,2,35,15.64,,,
113,1428,PIPO,36.4,6,84.9,LG,,,,,,,,,,DFF
113,1432,PSME,33,15.4,33,LE,1,2,2,2,2,33.9,21.16,,,
113,1433,PIPO,41.8,30.1,48.1,LG,2,2,2,2,1.5,48.1,16.43,,,
113,1435,PIPO,41.7,24.5,38.3,LG,1.5,1.5,1,2,2,40.7,13.92,,,
113,1437,PIPO,33.7,28.7,30.2,LG,2,1.5,1,2,2,31.8,14.47,,,
113,1438,PIPO,35.3,27.3,30,LF,2,1,1,2,1,30.8,8.02,,,
113,1439,PIPO,34.6,30.7,25.3,LP,1,1,0.5,1,1,24.1,11.91,,,
113,1440,PIPO,32.9,34.3,29.5,LF,2,1,1,2,1,29.6,13.42,,,
113,1452,PIPO,18.9,28.3,33.3,LP,,,,,,,,,,DSF
113,1455,PIPO,19.8,26.7,44.9,LG,,,,,,,,,,DSF
113,5643,PSME,47.5,0.8,27.2,LE,,,,,,,,,,DSF
113,5644,PIPO,48,20.4,51.2,LF,2,2,1,2,1,51,19.14,,,
125,1101,PIPO,43.9,11,26.9,LG,2,1,1,2,2,31.6,19.95,,,x
125,1102,PIPO,42.2,8.7,25.4,LG,2,2,1,2,2,30.2,20.28,,,x
125,1103,PIPO,32.6,10.1,32.1,LF,2,1,0,2,5,31.9,12.44,,,x
125,1104,PIPO,29,10.8,28.1,LF,2,1,1,2,2,28.4,16.53,,,x
125,1105,PIPO,30.8,10,56.6,DSL,,,,,,,,,,burned up
125,1106,PIPO,28.2,12.7,56.4,LG,,,,,,,,,,DSF
125,1107,PIPO,25.3,9.2,62.5,LE,2,2,2,2,2,59.6,18.59,,,x
125,1108,PIPO,5.5,14.8,26.2,LF,,,,,,,,,,DSF
125,1109,PIPO,4.4,12.2,25.8,LG,2,2,1,2,2,29.4,21.21,,,x
125,1110,PIPO,20,0.6,27.1,LG,2,2,1,2,2,30.3,17.31,,,x
125,1111,PIPO,17,1.9,56.1,LG,2,2,2,2,2,58.2,28.25,,,x
125,1121,PIPO,18.5,16.1,19.3,LG,,,,,,,,,,DSF
125,1133,PIPO,15.8,25.2,28,LG,2,2,1.5,2,2,32.1,17.26,,,x
125,1142,PIPO,22.7,22.1,21.6,LG,2,2,1,2,2,25.6,14.7,,,x
125,1145,PIPO,24.8,24.4,20.6,LG,0,0,1,0,0,25.2,13.19,,,x
125,1149,PIPO,4,0.3,31.8,LP,2,1,1,2,0,32.8,18.84,,,x
125,1166,PIPO,12,2.2,45.2,LG,2,2,2,2,2,46.8,28.42,,,x
125,1167,PIPO,12.5,1.8,40.9,LP,0.5,0.5,0.5,2,1,41.3,22.69,,,x
125,1245,PIPO,47.4,14.4,25.5,LG,2,2,1,2,2,31.2,16.37,,,x
125,1248,PIPO,29.6,49.5,54.8,LF,2,1.5,2,2,2,53.7,23.91,,,x
125,1252,PIPO,42.9,41.4,58.1,LE,2,2,2,2,2,60,23.74,,,x
125,1255,PIPO,4.2,39.1,35.5,DSF,,,,,,,,,,DSF
125,1269,PIPO,4.6,42.2,29,LG,,,,,,,,,,DSF
125,1279,PIPO,2.3,43.6,25,LG,,,,,,,,,,DSF
125,1282,PIPO,14,14.5,29.8,LG,2,2,2,2,2,33.8,18.74,,,x
125,1283,PIPO,10.7,23,27.6,LG,2,1,1,2,2,30.5,17.82,,,x
125,1284,PIPO,9.8,17.6,28.4,LF,,,,,,,,,,DSF
125,1285,PIPO,0.7,18.7,28,LE,,,,,,,,,,DSF
125,1286,PIPO,5,18,28.5,LG,,,,,,,,,,DSF
125,1287,PIPO,0.2,30.2,27.6,LE,2,1,1,2,2,34.4,18.35,,,x
125,1288,PIPO,0.6,32.6,29,LE,2,2,2,2,2,33.4,18.6,,,x
125,1289,PIPO,10.8,30.1,29.1,LG,2,2,2,2,2,33.3,17.12,,,x
125,1291,PIPO,31.9,15.4,46.5,LG,2,1,1.5,2,1,47,23.73,,,x
125,1292,PIPO,31.6,18.9,39,LG,2,2,1.5,2,2,42.2,21.97,,,x
125,1293,PIPO,29,23.1,53,LE,2,2,2,2,2,54,21.16,,,x
125,1294,PIPO,35.8,26.2,42,LG,2,2,2,2,2,45.1,19.28,,,x
125,1295,PIPO,35,21.4,27.7,LG,2,2,1,2,2,30.1,17.5,,,x
125,1296,PIPO,34.9,15.6,31.1,LG,2,2,1,2,2,32.9,16.86,,,x
125,1297,PIPO,39.8,14.9,28.3,LG,2,2,1,2,1,30.4,15.58,,,x
125,1298,PIPO,44.3,21.4,38.8,LF,2,2,1,2,0,41,15.31,,,x
125,1606,PIPO,17,33,59.1,LG,2,2,2,2,2,58.9,20.66,,,x
125,1607,PIPO,10.1,37.8,36.2,LG,2,1,1,2,2,37,21.54,,,x
125,1608,PIPO,28.5,34.9,32.4,LE,2,1.5,1,2,2,35.3,16.97,,,x
125,3000,PIPO,35.3,1.6,26.8,LF,2,2,2,2,2,29.9,16.29,,,x
127,2068,PIPO,6.7,48.5,35,2,2,2,2,2,2,37.8,23.49,,,
127,2069,PIFL,8.2,49.1,25.5,,2,2,2,2,2,27,17.78,,,
127,2070,PIFL,12.6,49.9,22,,2,2,1,2,2,26.8,17.03,,,
127,2071,PIFL,10.4,41.5,22.9,,2,2,1,2,1,24.1,17.21,,,
127,2072,PIPO,10.9,40.7,27.5,,2,2,1,1,1,30.2,20.29,,,
127,2073,PIPO,11.3,35.4,27.2,,2,2,1,2,1,27.6,22.37,,,
127,2074,PIPO,11.2,36.2,27,,2,1,1,2,1,27,24.6,,,
127,2075,PIPO,14.9,42.3,74.7,,1,1,1,2,2,73.6,29.95,,,
127,2076,PIPO,22.1,38.6,34.1,,2,2,1,2,2,36.5,28.86,,,
127,2077,PIPO,19.7,49.5,38,,2,0,1,2,0,38,12.99,,,
127,2079,PIPO,22,47,48.5,,2,2,1,2,1,49.6,22.03,,,
127,2080,PIPO,28.9,41.2,40.5,,2,2,2,2,2,42.4,26.18,,,
127,2081,PIPO,33.3,42.5,26.3,,2,2,1,2,1,27.7,22.54,,,
127,2082,PIPO,33.8,46.2,28.7,,2,1,1,2,2,28.6,22.54,,,
127,2083,PIPO,37.2,46.5,29.2,,2,1,1,2,2,31.8,23.7,,,
127,2084,PSME,38.6,41.9,33.6,,2,2,1,2,2,37.2,25.05,,,
127,2085,PSME,43.9,37.7,22.4,,2,2,1,2,1,22.8,13.37,,,
127,2086,PIFL,43.9,35.7,21,,2,1,1,2,2,31.2,20.06,,,
127,2087,ABCO,45.9,35.9,32.1,,2,2,1,2,2,35.3,27.02,,,
127,2089,PIPO,43.6,45.1,25,,2,2,1,2,1,25.9,21.91,,,
127,2090,PIPO,44.3,48.2,56.5,,2,2,2,2,2,58.2,28.97,,,
127,2091,PIFL,41.8,49.5,29.8,,2,2,1,2,2,30.5,17.66,,,
127,2092,PIPO,38.9,49.5,33.6,,2,1,1,2,2,35.6,24.92,,,
127,2194,PIFL,8,2.5,22,,2,2,1,2,2,24.5,12.43,,,
127,2195,PIFL,11.1,1.3,30.9,,2,1,1,2,1,35.1,13.64,,,
127,2196,PIPO,15,0.6,25.2,,2,2,2,2,0,28,14.39,,,
127,2004,PIPO,23.8,11.3,36.5,,2,1,1,2,2,39.2,23.32,,,
127,2005,PIPO,24,11.3,26.9,,2,2,1,2,1,29.2,21.87,,,
127,2003,PIPO,23.4,1.2,49.1,,2,2,2,2,2,52.1,28.11,,,
127,2002,PIFL,25.9,3.4,41.7,,2,2,1,2,2,44,24.23,,,
127,2001,PIPO,29.9,11.7,60.6,,,,,,,,,,,DFI
127,2095,PIFL,31.2,9.7,29.3,,,,,,,,,,,DSB
127,2094,ABCO,33.2,13,23.1,,2,2,1,2,2,25.6,20.05,,,
127,2093,PSME,11.3,35.5,31.3,,2,2,1,2,2,33.8,16.2,,,
127,2191,PIPO,38.5,10.5,41.2,,2,2,2,2,2,43.3,28.89,,,
127,2190,PIPO,39.2,11.3,36.1,,2,2,2,2,2,38.6,24.14,,,
127,2189,PIFL,40,13.2,25.7,,1,1,1,2,2,28.4,19.84,,,
127,2192,PSME,45.6,8.5,20.6,,2,2,1,2,2,23.5,14.33,,,
127,2198,PIPO,43.4,1.2,44,,2,2,2,2,2,45.5,25.99,,,
127,2054,PIPO,3.1,15,43.1,,2,2,2,2,2,47.2,22.23,,,
127,2052,PIPO,1.5,23.2,25.5,,2,2,1,2,2,26.8,20.22,,,
127,2051,ABCO,4,25.7,22.9,,2,2,1,2,2,25.4,13.62,,,
127,2050,PMSE,4.3,27.5,40.8,,,,,,,,,,,DSF
127,2049,ABCO,1.5,25,21.9,,2,1,0,2,2,24.7,13.56,,,
127,2047,PIPO,7.5,25.5,36.8,,2,2,2,2,2,38.9,22.68,,,
127,2046,PIPO,7.9,22,35.5,,2,1.5,2,2,2,38.4,24.77,,,
127,2045,PIPO,6.6,16.5,34.9,,2,1,2,2,2,37.1,23.99,,,
127,2044,PIPO,9.9,16,32,,1,1,1,2,2,34.9,20.36,,,
127,2043,PSME,13,15.6,24.5,,2,2,1,2,2,29,13.22,,,
127,2042,ABCO,11.6,19.2,29.3,,2,2,1,2,2,34.8,19.64,,,
127,2039,PIPO,13.2,33,30.2,,2,1,1,2,1,31.5,19.86,,,
127,2040,PIPO,15.8,29.1,29,,2,2,1,2,2,30.4,21.9,,,
127,2038,PIPO,18,29.7,32.7,,2,1,1,2,1,34.3,22.59,,,
127,2037,PIPO,16.2,26.6,40.9,,2,2,1,2,1,43.5,24.18,,,
127,2036,PIPO,18.9,22.2,35.3,,2,1,1,2,1,35.9,18.97,,,
127,2035,PIPO,24.3,16.9,65.5,,2,2,1,2,2,65.5,31.87,,,
127,2033,PIPO,23.7,30.8,29.8,,2,1,1,2,2,32.4,24.5,,,
127,2032,PIPO,23.9,35,26.7,,2,2,1,2,1,27.9,18.63,,,
127,2031,PIPO,28.9,33.1,27.7,,2,2,1,2,2,29.6,22.23,,,
127,2028,PIPO,33.3,31.7,40.5,,2,2,2,2,2,43.6,26.83,,,
127,2027,PIPO,37.1,29.1,39.1,,2,2,2,2,2,41.8,25.49,,,
127,2026,PIPO,36.5,32.6,35,,,,,,,,,,,missing
127,2025,PIPO,38.2,33.2,27.6,,1,1,1,2,2,31.3,22.3,,,
127,2024,PIPO,39.5,31.5,67.6,,,,,,,,,,,missing
127,2023,PIPO,48,33.4,49.5,,1,2,1,2,2,50.5,20.47,,,
127,2021,ABCO,47.6,25,26.2,,2,2,2,2,2,28.7,17.11,,,
127,2019,PIPO,45.9,21.5,25.1,,2,1,1,2,2,26.3,19.19,,,
127,2018,PSME,41.6,19.8,21.5,,2,2,1,2,2,24,16.32,,,
127,2016,PSME,38.1,18.3,24.5,,2,2,1,2,1,26.6,19.14,,,
127,2015,ABCO,35.5,21.6,35.6,,2,2,2,2,2,35.8,19.13,,,
127,2014,PIPO,41,25,28.8,,2,2,1,2,2,31,20.88,,,
127,2013,PIPO,39,27.6,29.8,,2,1,1,2,2,31.6,22.48,,,
127,2012,PIPO,18.2,15.4,43.6,,1,2,1,2,2,46.1,24.42,,,
127,2067,PIPO,34.1,23.1,10.7,,2,0,1,2,0,10.7,9.23,,,
127,2059,PIPO,30.8,22.1,13.6,,2,1,1,2,1,13.8,12.1,,,
127,2056,PIPO,33.1,20.1,16,,,,,,,,,,,missing
127,2064,PIPO,32.2,23,20.3,,2,1,1,2,1,20.8,18.6,,,
127,2061,PIPO,28.6,21.1,24,,2,1,1,2,0,24.8,14.88,,,
127,2057,PIPO,33.7,20.5,30.4,,1,2,1,2,2,32.9,26.6,,,
127,2058,PIPO,26.7,22.6,35.8,,2,2,1,2,2,38,23.05,,,
127,2096,PSME,38.2,8.2,26.7,,2,1,1,2,2,26.1,18.7,,,
127,2097,PSME,37,9,26.6,,2,2,1,2,1,26.4,20.46,,,
127,2099,psme,36.4,6.6,24.4,,2,1,1,2,1,24.8,17.34,,,
127,2200,pipo,34.5,2.5,81.5,,2,2,2,2,2,79.1,31.36,,,
127,9999,PSME,26,11,33.7,,,,,,,,,,,missing
127,5998,PIST,32,20,11.3,,2,2,1,2,2,11.5,11.05,,,
127,5999,PIPO,31.5,20.5,10.1,,2,1,0,2,0,10.5,7.38,,,
127,6000,PIPO,31,25,8.4,,,,,,,,,,,DSF
127,5997,,,,,,2,2,1,2,2,24,14.47,,,
137,2126,PSME,39.6,1.8,20.5,LG,2,2,2,2,2,24.2,13.3,,,x
137,2127,PIPO,12.7,6.3,30.2,LF,2,1,1,2,2,31,15.15,,,x
137,2129,PIPO,1,44.7,26.9,LG,1,2,2,2,2,28.4,12.43,,,x
137,2131,PIPO,13.9,45.9,50,DFI,,,,,,,,,,DFI
137,2132,PIPO,25,48.7,40.3,DFL,,,,,,,,,,DFL
137,2134,PIPO,49.5,38.1,64.1,DSF,,,,,,,,,,DSF
137,2135,PIPO,47.3,11.6,53.9,LE,2,2,2,2,1,54.3,21.13,,,x
137,2136,PIPO,46.2,4.1,32.8,LG,2,2,2,2,2,34.1,14.51,,,x
137,2137,PIPO,34.4,4.7,56.9,LE,2,2,2,2,2,57.4,20.52,,,x
137,2138,PIPO,31.7,3.6,38.9,LF,2,1,1,2,2,38.9,15.32,,,x
137,2139,PIPO,29.3,11.1,35.5,LF,2,2,1,2,2,35.9,17.24,,,x
137,2140,PIPO,26.8,10.8,46,LG,2,2,2,2,2,46.4,18.4,,,x
137,2141,PIPO,24.1,5,50.9,LG,2,2,1,2,1,51.3,16.07,,,x
137,2142,PIPO,19.6,2.4,38.6,DSL,,,,,,,,,,DSL
137,2144,PIPO,14.5,7.7,34.7,DSL,,,,,,,,,,DSL
137,2145,PIPO,15.2,12.9,39,LG,2,1,2,2,1,38.6,19.83,,,x
137,2147,PIPO,9,8.9,34.4,LG,2,2,1,2,2,35.7,18.86,,,x
137,2148,PIPO,7.8,5.2,30.1,LF,2,1,1,2,2,30.5,14.69,,,x
137,2149,PIPO,6,4.4,39.5,LF,2,2,1,2,1,39.8,15.53,,,x
137,2150,PIPO,7.2,8,42,LF,2,1,2,2,2,42.6,19.07,,,x
137,2151,PIPO,5.7,10.5,44.1,LG,2,2,2,2,1,44.1,19.33,,,x
137,2152,PIPO,2.9,4.7,31.8,LG,1,1,1,2,2,32,14.03,,,x
137,2153,PIPO,5.3,1.9,35.5,LG,2,2,1,2,1,35.9,12.86,,,x
137,2161,PIPO,22.4,21.7,48.5,LF,1,2,2,2,0,48.1,17.96,,,x
137,2163,PIPO,26.9,17.6,33.1,LG,2,2,1,2,2,34.5,13.36,,,x
137,2164,PIPO,41.5,15.4,45.8,LF,2,1,1,2,1,46.6,15.58,,,x
137,2165,PIPO,47.4,18.6,58.8,LF,2,1,1,2,1,58.1,19.28,,,x
137,2166,PIPO,47.7,25.9,36.5,LG,2,2,1,2,2,37.2,18.54,,,x
137,2167,PIPO,42.8,28.1,32.4,LF,2,1,1,2,1,32.8,18.4,,,x
137,2168,PIPO,43.7,34,38.1,LP,2,2,1,2,2,37.9,19.5,,,x
137,2169,PIPO,41.7,32.3,45.6,LG,2,2,1,2,1,47.1,18.06,,,x
137,2170,PIPO,38.7,31.9,50.8,LG,2,2,1,2,2,50.6,18.71,,,x
137,2172,PIPO,26.8,33.5,29.9,LG,2,2,1.5,2,2,51.2,19.16,,,x
137,2173,PIPO,20.7,37,45.6,LG,2,2,1,2,2,45.8,15.06,,,x
137,2174,PIPO,7.2,27.6,33.7,LF,2,1,1,2,1,34.5,17.6,,,x
137,2175,PIFL,3.3,25.3,20.9,LE,2,2,2,2,2,24.5,10.95,,,x
137,2176,PSME,24.3,27,9,LE,2,2,2,2,2,9.3,3.8,,,x
137,2177,PIPO,20.1,26.9,36.9,LF,2,2,1,2,1,37.2,19.07,,,x
137,2178,PIPO,21.9,26,29.9,LF,2,2,1,2,1,31.8,10.72,,,x
137,2180,PIPO,19.8,34,56.1,LG,2,2,2,2,2,56.8,21.3,,,x
137,2183,PIPO,11.7,18,36.9,LG,2,2,1,2,2,38.2,19.77,,,x
137,2184,PIPO,10.3,12.4,26.9,DSB,,,,,,,,,,DSB
137,2185,PIPO,9.7,16.5,36.4,DSI,,,,,,,,,,DSI
137,2186,PIPO,5.4,18.8,38.6,LG,2,1,1,2,2,39.8,18.9,,,x
147,0-8-101,ABCO,20,13,23,LF,2,2,1,2,2,23.7,18.31,,,
147,1350,PIPO,30.8,32,15.3,LF,1,2,1,0,2,15.8,11.55,,,
147,1358,PIPO,29,29,29.7,LF,1,1,2,0,0,30.2,10.19,,,
147,1370,PIFL,29.1,32.1,5.9,LP,,,,,,,,,,DSF
147,1446,PIFL,26.2,31,6.6,LG,2,2,2,2,2,10.1,6.88,,,
147,1493,PIPO,27.8,31.7,19.8,LF,0,0,2,2,0,20.1,9.03,,,
147,1494,PIPO,29.1,26.3,41.6,DSL,,,,,,,,,,DSL
147,1704,PIPO,28.8,42.6,61.1,LG,,,,,,,,,,DSF
147,251,pipo,50,48,66.3,LG,2,2,2,2,1,65.8,24.64,,,
147,342,PIPO,1,10.6,59.9,LF,1,1,1,2,2,59.6,29.94,,,
147,344,PIPO,10.9,0.9,33.4,LF,1,1,1,2,1,33.1,20.57,,,
147,346,PIPO,16.4,1.5,25.9,LF,2,1,1,2,2,26,19.17,,,
147,347,PIPO,17.4,3,40.1,DSL,,,,,,,,,,DSL
147,348,PSME,23.8,8.4,24.1,LG,2,2,2,2,2,27.8,19.74,,,
147,349,PIPO,22.6,0.2,38,LG,2,2,1,2,2,38.6,25.29,,,
147,351,PSME,21.6,11.9,20.2,LF,2,1,1,2,2,22.2,20.43,,,
147,352,PIPO,32.1,1.6,45,LG,2,2,2,2,2,46.1,29.33,,,
147,353,PIPO,30.8,1.1,26.2,LF,2,2,1,2,1,26.3,14.29,,,
147,354,ABCO,39.3,10,32.4,LE,2,2,2,2,2,36.1,19.27,,,
147,355,PSME,46.1,12.7,32.2,LE,2,2,2,2,2,35.8,20.71,,,
147,356,PIPO,49.5,7,25.2,LF,2,1,1,2,2,26.8,17.4,,,
147,358,PIPO,45.3,0.2,30,2,2,1,1,2,1,30.3,13.85,,,
147,984,PIPO,44.5,34.7,56.7,LE,1,2,2,0,2,57.2,25.5,,,
147,985,PIPO,36,17,47,LG,2,1,2,2,2,48.3,27.85,,,
147,986,PIPO,36.6,26.5,26.5,LG,2,1,2,0,2,28.2,15.19,,,
147,988,PIPO,31.3,20.1,37.4,LF,1,1,2,2,0,37.4,21.13,,,
147,989,PIPO,28.2,21.4,45.6,LF,2,2,1,2,2,46.6,25.09,,,
147,990,PIPO,30.1,21.8,28.1,LF,1,1,1,0,1,28.1,23.06,,,
147,992,ABCO,15.3,16.7,27.4,LG,2,1,2,2,2,30.8,16.36,,,
147,993,ABCO,17.7,17,20.2,LF,2,2,1,2,2,23.1,17.85,,,
147,994,ABCO,12.8,24,19.7,LG,2,2,1,2,2,24.1,19.04,,,
147,999,ABCO,2.1,27.7,22,LG,2,2,1,2,2,25.3,16.53,,,
147,983,PIPO,,,,,1,1,2,2,2,40.9,21.89,,,
154,393,PIPO,46.1,36.1,34,LG,2,2,1,2,2,34.3,11.36,,,x
154,396,PIPO,48.2,34.3,51.9,LG,1,1,1,2,0,52.6,7.37,,,x
154,399,PIPO,35.8,42.5,45.3,LG,2,2,1,2,2,47.4,16.15,,,x
154,400,PIPO,29.8,46.7,31.9,LG,2,2,2,2,2,33.3,8.82,,,x
154,1732,PIPO,18.8,42.5,42.3,LE,2,2,2,2,2,44.3,16.55,,,x
154,1733,PIPO,18.2,36.2,47.5,LE,2,1,1,2,2,47.8,11.81,,,x
154,1734,PIPO,13.4,40.4,28.5,LG,2,2,2,2,2,29.7,11.23,,,x
154,1735,PIPO,10.7,42.7,29.5,LG,2,2,1,2,2,54.9,15.8,,,x
154,1736,PIPO,10.3,45.5,38.5,LF,1,1,2,2,2,39.2,13.79,,,x
154,1738,PIPO,6.4,48.4,27.9,LF,2,1,1,2,2,29.1,11.43,,,x
154,1739,PIPO,7.6,47.3,30.6,LP,2,1,1,2,1,30.6,14.56,,,x
154,1740,PIPO,6.5,48.5,28.6,LF,2,2,1,2,2,30.5,14.68,,,x
154,1741,PIPO,5.5,43.9,32.8,LF,2,1,2,2,1,32.6,12.75,,,x
154,1742,PIPO,1,48.5,38.7,LE,2,2,2,2,2,40.2,16.71,,,x
154,1716,PSME,50,4.1,56.9,LE,2,2,1,2,2,57.3,19.8,,,x
154,1744,PIFL,47.2,1.9,49.2,LE,2,2,2,2,2,51,14.46,,,x
154,1745,PIPO,44.9,-2.5,45.2,LG,2,2,2,2,2,46.7,17.36,,,x
154,1746,PIPO,19,4,49.7,LE,2,1,2,2,2,50.2,17.84,,,x
154,1747,PIPO,35.5,11.1,43.5,LF,2,2,2,2,2,44.2,18.82,,,x
154,1748,PIPO,31,8.8,29.9,LG,2,1,1,2,2,31.3,15.64,,,x
154,1749,PIPO,24.6,7,38,LF,2,1,1,2,1,37.7,16.3,,,x
154,1752,PIPO,5.5,3.7,38.2,LF,2,2,1,2,2,40.3,17.31,,,x
154,1753,PIPO,3.2,4.9,33.2,LF,2,1,1,2,1,33.5,12.62,,,x
154,1754,PIPO,1.7,3,28.5,LG,2,2,2,2,2,30.2,14.24,,,x
154,363,PIPO,50,19.2,24.9,LG,2,2,1,2,2,51.7,18.75,,,x
154,364,PIFL,42.2,18.6,18.6,LG,1,2,1,2,1,49.2,15.6,,,x
154,365,PIPO,39.7,17.7,17.7,LE,2,2,1,2,1,42.2,17.11,,,x
154,366,PIPO,38,20.9,19.2,LG,2,1,1,2,1,31.9,8.4,,,x
154,367,PIPO,33.6,19.4,19.4,LG,2,2,2,2,1,40,17.49,,,x
154,368,PIFL,30,17.2,17.2,LE,2,1,2,2,2,57.7,17.72,,,x
154,370,PIFL,32.3,29.7,29.7,LG,1,2,2,2,2,23.8,9.09,,,x
154,372,PIPO,24,16.7,16.7,LG,1,1,1,2,2,48.2,14.93,,,x
154,373,PIPO,11,22.2,22.2,LE,2,2,2,2,1,50.9,16.81,,,x
154,374,PIPO,10.7,24,24,DSL,,,,,,,,,,DSL
154,375,UNK,10.5,25.7,25.7,DFI,,,,,,,,,,DFI
154,376,PIPO,4,23,23,LE,2,2,2,2,2,38.5,17.09,,,x
154,377,PIPO,4.3,18.5,18.5,LG,2,2,2,2,2,41.3,15.03,,,x
154,1714,PIFL,23,22.2,14.2,LG,2,2,1,2,2,15.7,8.72,,,x
154,1715,PIFL,17.6,18,5.2,LG,2,2,1,2,1,13.8,4.72,,,x
154,1720,PIPO,16.9,22,3.9,LF,1,1,0,2,0,10,2.49,,,x
154,1721,PIPO,23.5,19.8,6.8,LG,2,1,1,2,2,8.3,3.55,,,x
154,1722,PIFL,24.3,21.4,5.6,LF,1,1,2,2,2,7.4,4.37,,,x
154,1723,PIPO,22.2,20.2,12,LG,1,2,1,2,2,12.5,7.58,,,x
154,1724,PSME,15.2,23.9,5.4,LG,2,2,1,2,2,9.6,6.74,,,x
154,1725,PIFL,15.7,17.9,5.6,LG,missing,,,,,,,,,x
154,1726,PIPO,15.1,18,7.5,LG,2,2,0,2,2,8.6,4.44,,,x
154,1727,PIFL,15.6,17.8,9.2,LF,2,1,1,2,1,17.7,6.12,,,x
154,1728,PIPO,19.1,24.4,10,LG,2,2,1,2,2,10.8,4.44,,,x
154,1729,PIPO,16.6,21.9,16.8,LE,2,1,1,2,2,18,8.1,,,x
154,1730,PIPO,22.6,23,10.8,LF,2,1,1,2,2,12.4,8.11,,,x
154,1731,PIPO,18.1,24.6,8.5,LF,1,1,1,2,1,8.9,5.01,,,x
154,1756,PIPO,15.1,22.1,8,LG,2,1,1,2,2,10.1,5.69,,,x
141,233,ABCO,49.2,33,30.6,,,,,,,30.9,22.43,,,
141,901,PIPO,26,30.2,32.5,,,,,,,34.6,23.31,,,
141,903,POTR,31.6,27.7,23.5,,,,,,,23.8,17.02,,,
141,923,PIPO,7.9,20.8,59.1,,,,,,,60.8,38.99,,,
141,924,ABCO,2.4,31.9,32.4,,,,,,,39.7,24.5,,,
141,926,PIPO,15.4,27.2,60.3,,,,,,,61.6,33.14,,,
141,927,PIPO,17.3,27.7,38.3,,,,,,,38.2,20.61,,,
141,928,ABCO,23.9,19.9,25,,,,,,,30.4,20.35,,,
141,929,ABCO,23.7,21.1,20.7,,,,,,,24.2,20.15,,,
141,931,ABCO,29.4,23.7,28.9,,,,,,,34.2,20.36,,,
141,934,ABCO,35.8,18.5,35.3,,,,,,,38.7,22.14,,,
141,935,ABCO,39.1,17.1,24.8,,,,,,,28.5,21.45,,,
141,936,PIFL,39,22.1,24.4,LE,2,2,1,2,2,27,18.55,,,
141,937,ABCO,38.3,19.6,22.3,,,,,,,24.8,19.24,,,
141,938,PIPO,46.9,17.4,51.4,,,,,,,51.5,30.78,,,
141,940,ABCO,49,21.9,21.2,LP,0,1.5,1,2,0.5,23,17.78,,,
141,941,ABCO,48.8,18.3,28.7,,,,,,,34,22.37,,,
141,942,ABCO,48,30,24.7,,,,,,,30.5,18.6,,,
141,943,ABCO,48,32,26.5,,,,,,,31.5,24.79,,,
141,944,ABCO,47.9,34.5,35,,,,,,,40.3,24.32,,,
141,945,ABCO,49.6,5.6,24.1,,,,,,,28.7,20.84,,,
141,946,ABCO,49.6,4.2,26.6,,,,,,,33.5,23.55,,,
141,950,ABCO,41.8,0.8,29.2,,,,,,,38.7,24.16,,,
141,953,ABCO,35.2,9,20.5,,,,,,,25.9,20.06,,,
141,954,ABCO,41.8,14,27.5,,,,,,,27.9,14.75,,,
141,954,,,,,,,,,,,27.8,17.37,,,
141,955,ABCO,34.7,12.2,27.2,,,,,,,32.3,22.14,,,
141,956,ABCO,29.5,12.5,25.5,,,,,,,29.9,24.15,,,
141,957,ABCO,27.7,14.3,21.2,DSF,,,,,,22.1,18.82,,,
141,962,PIPO,17,4.9,37.5,,,,,,,49,30.13,,,
141,963,PIPO,20.7,12.4,56.4,,,,,,,55.7,30.58,,,
141,964,PIPO,21.5,0.1,65.3,,,,,,,65.5,38.09,,,
141,967,ABCO,18.2,14.9,22.5,,,,,,,27.8,19.8,,,
141,968,PIPO,13.9,41.1,72.8,,,,,,,74,40.14,,,
141,969,PIPO,18.3,43.2,86.4,,,,,,,88.3,28.59,,,
141,972,PIPO,35,36.6,79.3,,,,,,,79.9,30.82,,,
141,973,PIPO,48.4,42.6,57.8,,,,,,,61.1,32.23,,,
141,974,PIPO,45,48.4,76.3,,,,,,,76.9,32.79,,,
141,5649,ABCO,39.9,24.5,21.6,LF,1.5,1.5,1,2,2,22.2,17.32,,,
143,1984,,,,,LG,2,1.5,2,2,2,42.5,21.48,,,
143,1986,,,,,LP,2,1,1,2,0,18.4,9,,,
143,2000,,,,,LF,2,1,1,2,2,31.5,21.38,,,
143,2558,PIPO,25.8,37,52.1,LE,2,2,2,2,2,53.8,20.4,,,
143,2560,PIPO,30,35.3,25.4,LF,2,1,1,2,2,26.4,20.05,,,
143,2561,PIPO,35.3,36.4,46,LF,2,0.5,2,2,1.5,46.5,20.05,,,
143,2562,PIPO,15.1,8.6,41.5,LE,1.5,2,2,1,2,46.9,14.78,,,
143,2563,PIPO,24.2,7.3,61,LE,2,2,2,2,2,63.4,27.75,,,
143,2567,PIPO,27.3,19.9,36.8,LF,2,1.5,1,2,2,35.7,20.49,,,
143,2572,PIPO,15.3,39.6,49.7,LF,2,1,1,2,2,49.9,23.21,,,
145,1933,PIPO,30.6,35.4,64.9,LF,1,1,2,2,2,64.1,24.79,,,
145,1934,PIPO,35,41,44.7,LF,2,1,1.5,2,1,45.3,21.95,,,
145,1935,PIPO,39,48.6,25.6,LF,2,1.5,2,2,2,27.3,15.81,,,
145,1940,PIPO,19.6,1.7,21.3,LP,1,1,1,2,0,21.5,10.48,,,
145,1941,PIPO,18.4,0.5,44.2,LG,2,2,2,1.5,2,45.3,22.02,,,
145,1942,PIPO,11.1,13.8,38.2,LG,2,1.5,2,2,2,39.1,17.18,,,
145,1946,PIPO,22,12.6,30.9,LG,1.5,1.5,1.5,2,2,32.5,18.89,,,
145,1947,PIPO,21.6,11.5,37,LG,2,1,2,2,2,38.1,17.85,,,
145,1948,PIPO,49.8,5.8,33.5,LG,2,1.5,2,2,2,36.3,17.14,,,
145,1950,PIPO,32.6,12.5,46.4,LE,2,2,2,2,2,51.4,17.29,,,
145,1954,PIPO,24.2,9.8,46.5,DSF,2,2,2,2,2,47.4,20.54,,,
145,1956,PIPO,27.9,11.1,30,LF,2,1,1,2,2,30.9,18.31,,,
145,1966,PIPO,39.4,9.2,26,LF,2,2,1,2,1,29,10.78,,,
145,1967,PIPO,37.6,11.1,54.1,LG,2,1.5,2,2,2,55.2,22.16,,,
145,1968,PIPO,36,13.4,27.7,LG,2,2,1,2,2,28.1,23.01,,,
145,1969,PIPO,37,15.9,45,LG,2,1.5,2,2,2,46.3,26.31,,,
145,1970,PIPO,35.1,16.6,40.6,LG,2,2,1,2,2,42.5,24.59,,,
145,1971,PIPO,43.8,18.3,25.5,LF,1,1,1,2,2,26.1,14.54,,,
145,1972,PIPO,45.5,13.9,27.3,LG,2,2,1,2,2,30.5,15.84,,,
145,1974,PIPO,9.9,6.5,16.7,LF,2,1,1,2,1,16.1,12.11,,,
145,1975,PIPO,9.7,3.1,30.2,LF,1.5,1,1,2,2,31.3,18.43,,,
145,1976,PIPO,7.8,4.5,24.9,LG,2,2,1,2,1.5,26.4,15.43,,,
145,1977,PIPO,8.5,3,37,LE,2,2,2,2,2,39.2,19.94,,,
145,1979,PIPO,4.1,6.5,36.9,LF,1.5,1,1,1.5,2,38.7,18.81,,,
145,1980,PIFL,3,5.6,8.2,LF,1,1,1.5,2,2,10.1,6.13,,,
145,1981,PIPO,2.3,3,36.1,LF,1.5,1,1,2,2,36.6,17.48,,,
145,1982,PIFL,1.1,7.5,5.2,LE,2,2,2,2,2,7.3,4.74,,,
145,1983,PIFL,3,5.6,6,LF,1,1,1,2,2,6.8,5.79,,,
145,1988,PIPO,9,40.1,25,LG,2,2,1.5,2,2,26.7,12.77,,,
145,1991,PIPO,5,14.8,35.5,LF,2,1,1,2,2,35.8,18.17,,,
145,1992,PIPO,5.5,14.8,43,DFI,1.5,1,2,1.5,2,45.5,21.13,,,
145,1993,PIPO,7.5,14.8,29.4,LF,2,1,1,2,2,31.2,20.78,,,
145,1994,PIPO,18.5,11.3,40.1,LE,2,2,2,2,2,42,16.64,,,
145,1995,PIPO,18,14.3,28,LF,1.5,1,1,2,1,29.1,11.34,,,
145,1996,PIPO,47.1,17,39.5,LE,2,2,2,2,2,41,20.5,,,
147,1280,,,,,DSI,1,0.5,1,1,0,28,0.25,,,
147,1994,,,,,LG,2,1.5,2,2,2,42,0,,,
149,501,PIPO,6,4.1,44.5,LF,2,1,1,2,1,46.3,20.57,,,
149,502,PIPO,10.7,7.5,37.5,LP,2,1,1,2,1,38.2,20.64,,,
149,503,PIPO,34.3,3.5,52.9,LG,1,1,2,2,2,54.3,20.22,,,
149,504,PIPO,45.4,4.7,83.8,DSF,,,,,,,0,,,
149,505,PIPO,47.8,13.6,53.4,LE,2,2,2,2,2,55.6,17.9,,,
149,506,PIPO,41.3,20,50,LG,2,1,2,2,2,50,19.47,,,
149,507,PIPO,45.8,23,47.2,LG,1,2,2,2,2,48.2,22.11,,,
149,509,PIPO,40.9,26.9,38.1,LF,1,1,1,2,2,38.8,20.88,,,
149,510,PIPO,41.8,28.1,48.5,LG,2,2,1,2,2,50.3,23.45,,,
149,511,PIPO,40.9,29.4,50.3,LG,2,2,1,2,2,52,17.84,,,
149,512,PIPO,38.5,29.5,44.9,DSF,,,,,,,0,,,
149,513,PIPO,44.9,36.8,43.8,LE,2,2,2,2,2,47.2,19.77,,,
149,518,PIPO,5.8,29.2,46.4,LF,2,1,1,2,2,47.8,23.09,,,
149,519,PIPO,3.1,23.1,57.9,LF,1,2,1,2,2,58.9,25.72,,,
149,520,PIPO,3.7,20.4,53.5,DSF,,,,,,,0,,,
149,524,PIPO,22,23,28,LG,1,2,2,1,2,33.9,15.76,,,
151,259,PIPO,24.5,10.6,55.2,LE,2,2,1.5,2,2,61.3,33.2,,,
151,2101,PIPO,2.6,4.5,53.6,LE,2,2,2,2,2,55.7,34,,,
151,2102,PIPO,9.5,8.8,46.7,LF,2,1,1,2,2,48.1,29.34,,,
151,2103,PIPO,8.4,4.1,51.1,LE,2,2,2,2,2,53.1,36.39,,,
151,2105,PIPO,10.9,7.7,43.9,LG,1.5,2,2,1.5,2,45,27.27,,,
151,2106,PIPO,11.9,8.5,28.7,LF,1,1.5,2,2,0,30,13.1,,,
151,2107,PIPO,13.5,10.1,51.1,LG,1.5,2,2,2,2,53.1,31.52,,,
151,2109,PIPO,46.3,16.4,76.7,LE,2,2,1,2,2,67.9,28.25,,,
151,2110,PIPO,41.6,13.9,76.1,LG,2,2,1.5,2,0,76.3,21.74,,,
151,2111,PIPO,48.9,7.1,72.9,LF,1,1,1,2,1.5,72.6,40.41,,,
151,2112,PIPO,31.6,2.9,83.7,DSI,,,,,,,0,,,
151,2113,PIPO,1,4.3,25.8,LP,2,1,1,2,1,26,14.93,,,
151,2114,PIPO,2.2,8.3,35.8,LF,2,1,1,2,2,37.1,26.88,,,
151,2116,PIPO,3.4,9.4,20.5,LF,1,1,1,2,2,22.7,13.71,,,
151,2117,PIPO,5.3,9,37.5,LF,1,1,1,2,2,39.2,22.06,,,
151,2119,PIPO,9.5,3.1,67.4,LF,1,1,2,2,2,67,28.66,,,
151,2574,ABCO,11,44.3,24.4,LE,2,2,1,2,2,34,12.68,,,
151,2575,PIPO,5.7,49.3,40.1,DSF,,,,,,,0,,,
151,2576,PIPO,14.9,49,42.5,LF,1,1.5,2,1.5,2,43.1,21.52,,,
151,2577,PIPO,16.7,44.3,61.5,LG,2,1.5,2,2,2,63.3,30.01,,,
151,2579,PIPO,46.1,48.2,53.5,LE,2,2,2,2,2,56.4,28.43,,,
151,2580,PIPO,41.9,42.8,29.9,LF,2,2,1,2,1,30.9,17.13,,,
151,2581,PIPO,42,45.3,36.6,LG,1.5,2,2,1.5,1.5,38.3,25.66,,,
151,2584,PIPO,31.4,18.4,64,LE,2,2,1.5,2,2,65.5,29.02,,,
151,2587,PIPO,41.7,1.8,25,LG,2,2,1,2,2,30.7,23.9,,,
151,2591,PIPO,28.4,0.4,50,LP,1,1,1,2,1,50,32.16,,,
151,2593,PIPO,25.6,4.6,70.8,LE,2,2,2,2,2,72,34.43,,,
151,2594,PIPO,25.9,2.8,75.4,LE,2,2,2,2,2,75.8,39.57,,,
151,2595,,,,,LG,2,1,1,2,2,55.7,34.95,,,
151,2596,PIPO,24.9,10.8,59.7,LE,2,2,1.5,2,2,61.5,31.02,,,
151,2597,PIPO,17.9,10.3,52.1,LE,2,1.5,1,2,2,53,37.74,,,
151,2599,PIPO,2,2.1,29,LG,2,2,1,2,2,30,28.03,,,
151,2600,PIPO,3.8,0.5,33.9,LF,2,2,2,2,0,35.7,20.98,,,
151,Wqqi,,,,,LE,2,2,2,2,2,56.9,37.32,,,
155,1956,,,,,LF,2,1,1,2,1,30.9,0,,,
156,533,PIPO,2.9,6,61.3,LG,1.5,2,1.5,0,2,61.6,29.86,,,
156,538,PIPO,31.6,8.9,61.6,LG,2,2,1.5,2,2,62.3,30.39,,,
156,540,PIPO,38,1.4,65,LG,1.5,2,1.5,2,2,66.3,26.71,,,
156,541,PIPO,43,10.4,63.1,LP,1.5,2,1,2,2,63.3,21.76,,,
156,545,PIPO,39.2,26.2,82.3,LE,2,2,2,2,2,83,31.9,,,
156,546,PIPO,39.3,23.8,65.8,LF,1.5,1.5,1.5,2,2,66.4,30.85,,,
156,547,PIPO,36.8,25.3,64.3,LG,2,1.5,1,2,2,65.5,42.82,,,
156,549,,,,,LF,1.5,2,1,2,2,43.2,19.34,,,
156,549,PIPO,48,31.4,39,LP,1,1,1,2,0,40,14.12,,,
156,550,PIPO,47.4,32.6,59.9,LF,1,1.5,2,2,2,60.2,25.92,,,
156,551,PIPO,38.3,34.3,39.9,LE,2,2,2,2,2,42.4,22.94,,,
156,554,PIPO,28.3,23.6,39.5,LG,2,1.5,2,2,2,41.2,26.85,,,
156,558,,,,,DSI,,,,,,,0,,,
156,559,PIPO,20.3,33.4,37.2,LG,1,1.5,2,2,2,39.1,22.02,,,
156,561,PIPO,17.5,26.1,34.8,LG,1.5,2,2,2,2,37.9,21.77,,,
156,562,ABCO,15.1,27.1,48,LE,2,2,2,2,2,50.8,20.18,,,
156,565,ABCO,11.3,45.2,30.9,LE,2,2,2,2,2,36.2,16.91,,,
156,566,PIPO,34.4,35.2,30.1,LF,1.5,1.5,1,2,2,33.3,21.01,,,
156,567,PSME,40,47.2,33.5,LE,2,2,2,2,2,37.1,11.57,,,
156,569,PIPO,35.7,36.4,34.7,LP,1,1,1,2,2,37.3,20.13,,,
156,570,PIPO,49.8,20.5,27.7,LF,1,1,1,2,2,31.9,17.78,,,
156,571,PIPO,37.6,33.8,28,LP,2,1,1,2,0,28.6,11.61,,,
156,572,PIPO,30.6,27.9,27.9,LE,2,2,2,2,2,33.5,16.95,,,
156,573,ABCO,6.8,23.1,28.2,LE,2,2,2,2,2,33.8,15.66,,,
156,574,PIPO,2.1,24.8,26.2,LG,2,2,1,2,1,29.2,23.82,,,
156,575,PIPO,25.9,24.6,11.4,LF,2,1.5,1.5,2,2,14.3,10.7,,,
156,576,PIPO,27.8,24.2,12.6,,2,1,1.5,2,2,15.1,11.01,,,
156,577,PIPO,27.6,27.7,10.3,LF,2,1,1,2,2,12.1,10.51,,,
156,578,PIFL,27.6,28.2,11.4,LF,1,1,1,2,2,14.6,11.21,,,
156,579,ABCO,29.8,27.4,6.7,LE,2,2,2,2,2,9.3,4.73,,,
156,580,PIPO,30.8,28,14.7,LG,2,2,1.5,2,2,17,10.34,,,
156,581,PIPO,34.6,28,17.8,LF,1,1.5,1.5,2,2,19.4,13.2,,,
156,582,PIPO,34.9,28,5.1,LF,1.5,1,1,2,2,6.1,5.3,,,
156,583,PIPO,34.5,27.8,5.8,LP,1,1,1,2,1,5.3,7.35,,,
156,584,PIPO,34.6,27.4,4.9,LP,2,1,1,2,0.5,5.5,3.24,,,
156,801,ABCO,10.5,40.2,24.5,LE,2,2,2,2,2,26,13.18,,,
156,802,PIPO,0.9,26.6,32.8,LG,2,1.5,1.5,2,2,34,21.04,,,
156,803,PIPO,2.1,28.6,41.5,LG,2,2,1,2,1,42.2,21.43,,,
156,2582,,,,,LG,2,1.5,1.5,2,2,31.9,24.02,,,
156,5594,PIPO,-0.6,-2.8,63.5,LE,2,2,2,2,2,63.5,40.8,,,
158,653,PIPO,0.8,1.2,10.5,LF,2,1,1,2,2,12,6.15,,,
158,654,PIPO,2,3.9,6.9,LP,1.5,2,1,0.5,2,7.8,3.12,,,
158,655,PIPO,3.5,2.6,17.3,LF,2,1,1.5,1,2,18,10.4,,,
158,656,PIPO,3.5,4.3,11.7,LP,2,2,1.5,1,2,12.3,8.24,,,
158,657,PIPO,6,1,6.7,LP,1,1,1,0.5,2,7,3.89,,,
158,658,PIPO,8.4,4.6,16.6,LF,2,1,2,1,2,17.9,8.51,,,
158,659,PIPO,10,2.6,11.5,LF,2,1.5,1,1,1.5,12.2,5.15,,,
158,660,PIPO,10,2.7,11.2,LF,2,1.5,1,1,1.5,11.5,5.04,,,
158,661,PIPO,6.9,3.9,3.3,LP,2,0.5,1,0,2,4.2,0.25,,,
158,663,PIPO,8.6,4,4.9,,2,1,1.5,0.5,2,5.5,0.38,,,
158,667,PIPO,0.4,7.5,16.2,LF,1,1,1,1.5,2,17.2,9.56,,,
158,669,PIPO,4.1,8.2,7.8,,1.5,1.5,1,1.5,2,7.1,0.43,,,
158,672,PIPO,4.5,5.6,12.2,LF,2,1.5,1.5,1,2,12.8,6.85,,,
158,673,PIPO,5.9,7.8,9.5,LF,1,1,1,1,0.5,10.2,0.93,,,
158,674,PIPO,6.2,8.8,14.3,LF,2,1,1,1,1.5,16.5,10.08,,,
158,675,PIPO,4.9,8.5,13.3,LF,2,0.5,1,1,2,14.7,10.02,,,
158,676,PIPO,3,9,4.8,LP,1,1,1,1,1,4.8,7.33,,,
158,683,PIPO,28.1,9.6,37.8,DSF,,,,,,36.8,0,,,
158,684,PIPO,13.5,7.6,58.5,LF,2,1,1,2,2,58,20.16,,,
158,685,PIPO,12.5,9.5,64.9,LP,2,0.5,2,0,1,64.7,19.68,,,
158,687,PIFL,10.9,2.1,19.9,LG,1.5,2,2,2,2,21.6,11.9,,,
158,688,PIPO,25.5,7.4,36.5,LF,1.5,2,2,1,2,37.9,19.86,,,
158,689,PIPO,26.7,36,49.5,LF,2,1,2,1,2,49.2,23.51,,,
158,690,PIPO,40.1,19.5,51.6,LG,2,2,1.5,2,1.5,52.2,16.03,,,
158,691,PIPO,36.7,2.7,64.6,LG,2,2,1,2,1,72,6.57,,,
158,696,PIPO,40.2,5.6,48.8,LG,2,1.5,2,2,2,48.9,17.88,,,
158,697,PIPO,20.6,42.2,66.1,LG,2,1,2,2,2,65.3,28.7,,,
158,699,PIPO,9.9,47.5,47.1,LE,2,2,2,2,2,48,21.94,,,
158,704,PSME,45.8,8.6,53.5,LF,2,1,1,2,1,52.8,15.75,,,
158,705,PIPO,44.7,9.6,35,LF,2,1.5,2,2,2,36.1,15.59,,,
158,708,PIPO,33.3,11.9,47.3,LE,2,2,2,2,2,46.6,18.36,,,
158,709,PIPO,32.5,3.4,35.1,LE,2,2,1.5,2,2,35.9,12.19,,,
158,710,PIPO,21.6,0.6,26.5,LF,1.5,1,2,2,1,26.2,6.72,,,
158,711,PIPO,22.8,6.8,31.2,LF,2,1,2,2,2,32.4,12.5,,,
162,1755,PIPO,44.6,46.5,32.2,LP,1.5,1,1,2,1.5,32.4,26.79,,,
162,1758,PIPO,45,46.7,26.4,LP,2,1,1,2,1,26.7,14.39,,,
162,1759,PIPO,5.5,5.3,11.3,LG,2,1.5,1.5,2,2,14.9,8.88,,,
162,1760,PIPO,7.8,2.5,29.3,LG,1.5,2,1,2,2,32,17.65,,,
162,1761,PIPO,8.8,6.3,28.7,LG,1.5,1.5,2,2,2,31.3,19.4,,,
162,1762,PIPO,9.1,6.3,30.4,LG,2,1,1.5,2,2,31.6,19.67,,,
162,1763,PIPO,4.4,0.3,22.9,LG,1.5,2,2,2,2,25.4,15.55,,,
162,1764,PIPO,8.6,9.8,31.3,LG,1,1.5,1.5,2,2,32.8,18.75,,,
162,1765,PIPO,8.8,9.7,9.9,LP,2,1,1,2,1,10.4,8.8,,,
162,1766,PIPO,8.3,9.5,7.9,LP,2,1,1,2,1,8.1,4.57,,,
162,1767,PIPO,8.1,9.8,5.6,LP,2,0.5,0,2,0,4.5,2.44,,,
162,1769,PIPO,44.7,40.1,34.8,LF,2,1,1.5,2,1,35.3,23.54,,,
162,1770,PIPO,6.9,17,42.6,LE,2,2,2,2,2,43.8,21.13,,,
162,1771,PIPO,45.9,40.2,26.8,LF,2,1.5,1.5,2,1.5,27.7,13.58,,,
162,1773,PIPO,45,36.7,41.5,LG,2,1.5,2,2,2,42.5,22.42,,,
162,1774,PIPO,47.6,43.7,57,LE,2,2,2,2,2,58.5,26.89,,,
162,1777,PIPO,46.6,35,28.8,LP,1.5,1,1,2,1,29.6,14.9,,,
162,1778,PIPO,6.5,17,43.9,LG,2,2,1,2,2,43.9,22.37,,,
162,1787,PIPO,9.8,5.3,32.1,LF,2,1.5,1,2,2,34.7,20.63,,,
162,1788,PIPO,14.5,11.5,27.6,LF,2,1,1,2,2,30.3,18.12,,,
162,1789,PIPO,14.8,8.3,31.7,LF,1.5,1,2,2,2,33.6,19.56,,,
162,1790,PIPO,20.9,2.1,33.1,,1.5,1,1,2,1,33.7,20.91,,,
162,1797,PIPO,38.9,4.3,47.1,LG,1.5,1,2,2,2,49.2,26.25,,,
162,1799,PIPO,0.9,16.3,45.8,LF,2,1,1.5,2,2,47.4,25.26,,,
162,2664,PIPO,43.2,36.3,30.5,LF,2,1,1,2,2,30.9,22.88,,,
162,2666,PIPO,49,8,34.4,LF,2,1,0.5,2,2,32.7,17.32,,,
162,2667,PIPO,39,38.5,27.5,LP,2,0.5,0.5,2,0,27.8,12.86,,,
162,2668,PIPO,45.5,7.4,40.8,LF,1.5,1.5,1.5,2,2,42.7,24.18,,,
162,2669,,,,,LG,2,1,1,2,2,53.3,22.33,,,
162,2672,PIPO,25.7,3,45.3,LG,1.5,2,2,2,2,46.7,21.68,,,
162,2674,PIPO,16.7,10.1,59.4,LE,2,2,2,2,2,60.8,30.01,,,
162,2675,PIPO,46.8,47.1,38.9,LE,2,2,1.5,2,2,40,33.67,,,
162,2679,PIPO,9.5,6.2,40.6,LF,2,2,1,2,2,41.8,18.84,,,
162,2682,PIPO,48,48,38.9,LF,2,1,1,2,2,39.2,33.94,,,
162,2683,PIPO,48.9,43.7,43.2,LF,1.5,1,1.5,2,2,43.3,29.58,,,
162,2686,PIPO,38.3,42.2,38.8,LF,2,2,1,1,1,40,24.58,,,
162,2687,PIPO,38,39.7,37.3,LG,1.5,2,1.5,2,2,38.8,28.8,,,
162,2689,PIPO,25.8,14.3,63.5,LF,1,2,2,1,1.5,64.3,46.32,,,
162,2696,PIPO,7,14.6,37.6,LF,1,1,2,2,2,38.7,21.84,,,
162,3050,,,,,,,,,,,30.4,21.46,,,
164,234,PIPO,46.7,49.6,33.4,,,,,,,32.8,19.08,,,
164,591,PIPO,1.8,30.5,25.4,,,,,,,29,14.22,,,
164,592,PIPO,11,24.3,44.7,,,,,,,43.3,20.78,,,
164,596,ABCO,15.6,18.4,25.3,,,,,,,26.8,13.29,,,
164,597,PIFL,17.7,17.1,21.5,,,,,,,22.5,15.51,,,
164,600,PIPO,26.6,34.4,42.3,,,,,,,45.5,25.63,,,
164,601,PIPO,28.1,27.7,43.4,,,,,,,43.3,24.75,,,
164,602,PIPO,29.9,28.5,37.8,,,,,,,40.3,24.13,,,
164,604,PIPO,32.9,21.8,36.7,,,,,,,39,19.78,,,
164,606,PIPO,35.3,27.2,40.5,,,,,,,41.2,16.48,,,
164,607,PIPO,34.4,15.3,27.7,,,,,,,30.6,19.15,,,
164,608,PIPO,35,23.7,28.3,,,,,,,30.5,19.1,,,
164,609,PIPO,36.3,19.2,27.6,,,,,,,27.8,18.14,,,
164,610,PIPO,36.5,34.3,37.7,,,,,,,38.9,28.45,,,
164,614,PIPO,25.9,26.7,21.3,,,,,,,21.1,11.03,,,
164,616,PIPO,26.7,30.7,20.1,,,,,,,22.5,10.12,,,
164,617,PIPO,18,24,5.5,,,,,,,7.6,3.15,,,
164,618,PIPO,23,24,4.5,,,,,,,6.4,3.13,,,
164,620,PSME,9.8,40.6,32.5,,,,,,,35.6,17.85,,,
164,623,PIPO,18.6,49.3,39.8,,,,,,,42.9,22.54,,,
164,627,PIPO,18.6,40.5,51.6,,,,,,,51.1,20.96,,,
164,629,PIPO,25.7,36.4,32.5,,,,,,,33.2,21.84,,,
164,630,PIPO,34.3,42.1,41.6,,,,,,,32.6,24.87,,,
164,631,PIPO,37.7,40.7,45,,,,,,,44.9,26.28,,,
164,633,PIPO,43.4,41.4,49.8,,,,,,,50.7,19.85,,,
164,635,PIPO,45.9,0.5,46.5,,,,,,,46.4,24.3,,,
164,636,ABCO,34,2.3,71.4,,,,,,,73.3,33.27,,,
164,637,PSME,33.5,3,26.9,,,,,,,28,23.27,,,
164,640,PSME,18.7,11.9,39.5,,,,,,,38.4,21.83,,,
164,641,ABCO,19.1,7.2,44.8,,,,,,,46,14.88,,,
164,642,ABCO,16.3,11.7,29.5,,,,,,,29.4,20.79,,,
164,643,ABCO,16.1,13,29.4,,,,,,,31.2,18.41,,,
164,645,ABCO,14.9,12.5,25.9,,,,,,,26,15.68,,,
164,646,PSME,16.1,9.8,29,,,,,,,30.8,14.22,,,
164,647,ABCO,13.4,12.8,26,,,,,,,28,16.44,,,
164,648,ABCO,12.7,13.7,30,,,,,,,32.4,16.1,,,
164,650,PIPO,5.7,6.2,62.5,,,,,,,60.8,23.53,,,
164,651,PIPO,4.6,9.5,30,,,,,,,32,11.65,,,
164,652,PIPO,3.7,14.3,46.4,,,,,,,46.7,19.18,,,
164,2995,PIPO,38.5,50,57.6,,,,,,,57.8,23.8,,,
166,713,PIPO,21.9,22.2,38.7,LP,1,1,1,1,2,38.3,20.88,,,
166,717,PIPO,19,19.8,7.7,LP,1,1,1,0,1,,2.07,,,
166,721,PIPO,24.9,16.5,32.4,LF,1.5,1,1,1,2,32.5,18,,,
166,722,PIPO,28.4,20.7,57.5,LF,1.5,1.5,2,1,2,57.6,21.4,,,
166,723,PIPO,30.3,24.9,46.8,LE,2,2,1,2,2,49,24.22,,,
166,724,PIPO,32.6,24.5,40,LP,2,0.5,1,2,0,40.7,16.96,,,
166,725,PIPO,44.3,24.8,29.3,LP,2,1,1,0,0,31.2,10.53,,,
166,726,PIPO,38.2,27.1,38.4,LP,2,2,1,1,0,39.2,14.75,,,
166,728,PIPO,24.3,32,31,LF,2,1.5,2,1,2,47.4,22.91,,,
166,729,PIPO,23.4,27.6,26,LP,0,0,1,0.5,0,26.2,12.71,,,
166,733,PIPO,13.5,35.5,50.2,LG,2,2,1.5,0.5,2,49.7,17.24,,,
166,734,PIFL,13.8,25.6,19.8,LG,1.5,2,1,0,2,25.1,12.44,,,
166,735,PIPO,5,32.4,42.8,LP,1,0.5,2,1.5,2,41.6,17.38,,,
166,736,PIPO,2.6,30.6,42.8,LF,1,0.5,2,1.5,2,42.5,18.19,,,
166,737,PIPO,4.8,19.2,47.9,LG,2,2,2,1,1,49.2,17.83,,,
166,738,PIPO,4.8,22.5,27.4,LF,2,2,0.5,0,2,27.9,11.88,,,
166,739,PIPO,4,23,49.1,LG,2,2,1,1,2,49,16.89,,,
166,740,PIPO,43,41,26.8,LE,2,2,2,1,2,27.7,11.01,,,
166,741,PIPO,39,47.2,30.4,LP,2,1,0,1,0,31.2,8.71,,,
166,742,PIPO,39.7,48.9,33.9,LF,2,1,1,2,1,34,20.37,,,
166,743,PIPO,37.6,49.7,50.4,LF,1,1.5,2,1,2,50.9,21.6,,,
166,744,PIPO,38.1,47.4,39.6,LF,2,1,1,2,1,41.3,17.84,,,
166,745,PIPO,30.7,39.3,53.6,LG,2,2,1,1,2,55.1,22.48,,,
166,746,PIPO,16.7,45.4,52,LF,2,1,2,2,2,52.1,17.36,,,
166,747,PIPO,13.6,40.4,47.5,LG,1.5,2,1.5,2,1,47.8,18.69,,,
166,750,PIPO,0.9,50,34.3,LE,2,2,2,2,2,34.6,15.47,,,
166,758,PIPO,15.6,10.4,41.1,LF,2,1,2,1,2,41.2,22.2,,,
166,759,PIPO,1.7,11.2,29,LG,2,2,2,0,2,31.8,15.42,,,
166,760,PIPO,1.9,12.9,31.3,LP,1,1,1,2,0,31.8,11.22,,,
166,761,PIPO,8.4,11,36.4,LF,2,1,1.5,1,2,38.5,21.89,,,
166,762,PIPO,5.2,9.5,39.9,LG,2,1,2,2,2,40.1,19.57,,,
166,765,PIPO,13.2,2.2,41.4,LG,2,2,1,2,2,42.6,18.33,,,
166,766,PSME,14.6,3.5,67.7,LE,2,2,2,2,2,69.3,25.43,,,
166,767,PIPO,15.2,5.9,31.5,DSF,,,,,,,0,,,
166,769,PIPO,21.2,10.7,39.8,LF,1,1,2,1,2,40.2,18.71,,,
166,770,PIPO,21.7,8.8,40.4,LG,1.5,2,1,2,2,42,18.02,,,
166,771,PIPO,29.9,10.8,41.5,LP,1,1,2,1,1,41,15.54,,,
166,772,PIPO,28.7,0.4,62,LP,1,0,2,0,0,61.8,0.13,,,
166,773,PIFL,30.3,12.8,21.5,LG,1,2,2,2,2,23.8,12.95,,,
166,775,PIPO,38.3,0.3,33.4,LF,2,2,1.5,2,2,34.3,15.92,,,
166,776,PIPO,47,5.4,72.5,LE,2,2,2,2,2,71.6,29,,,
166,71t,,,,,LE,2,2,2,2,2,20,8.32,,,
