plot,Tree number,Species,X coord,Y coord,T1_DBH,T1_BasalArea,Tree CX code,Leaf Cx,Leaf Density,Stem,Insects,Meristem,T2_DBH,T2_BasalArea,Tree height,DBH_inc,,
127,2015,ABCO,35.5,21.6,35.6,995.3813756,,2,2,2,2,2,35.8,1006.596852,19.13,0.2,,
127,2021,ABCO,47.6,25,26.2,539.1282599,,2,2,2,2,2,28.7,646.9240668,17.11,2.5,,
127,2042,ABCO,11.6,19.2,29.3,674.2558998,,2,2,1,2,2,34.8,951.1477884,19.64,5.5,,
127,2049,ABCO,1.5,25,21.9,376.684495,,2,1,0,2,2,24.7,479.1631608,13.56,2.8,,
127,2051,ABCO,4,25.7,22.9,411.870303,,2,2,1,2,2,25.4,506.7070511,13.62,2.5,,
127,2087,ABCO,45.9,35.9,32.1,809.281438,,2,2,1,2,2,35.3,978.6759708,27.02,3.2,,
127,2094,ABCO,33.2,13,23.1,419.09596,,2,2,1,2,2,25.6,514.7181056,20.05,2.5,,
141,233,ABCO,49.2,33,30.6,735.4148031,,,,,,,30.9,749.905387,22.43,0.3,,
141,924,ABCO,2.4,31.9,32.4,824.4788796,,,,,,,39.7,1237.857146,24.5,7.3,,
141,928,ABCO,23.9,19.9,25,490.8734375,,,,,,,30.4,725.8329536,20.35,5.4,,
141,929,ABCO,23.7,21.1,20.7,336.5349748,,,,,,,24.2,459.9601919,20.15,3.5,,
141,931,ABCO,29.4,23.7,28.9,655.971846,,,,,,,34.2,918.6323319,20.36,5.3,,
141,934,ABCO,35.8,18.5,35.3,978.6759708,,,,,,,38.7,1176.281982,22.14,3.4,,
141,935,ABCO,39.1,17.1,24.8,483.0508784,,,,,,,28.5,637.9391194,21.45,3.7,,
141,937,ABCO,38.3,19.6,22.3,390.5703228,,,,,,,24.8,483.0508784,19.24,2.5,,
141,940,ABCO,49,21.9,21.2,352.9890524,LP,0,1.5,1,2,0.5,23,415.4752775,17.78,1.8,,
141,941,ABCO,48.8,18.3,28.7,646.9240668,,,,,,,34,907.91951,22.37,5.3,,
141,942,ABCO,48,30,24.7,479.1631608,,,,,,,30.5,730.6160244,18.6,5.8,,
141,943,ABCO,48,32,26.5,551.5453944,,,,,,,31.5,779.3106694,24.79,5,,
141,944,ABCO,47.9,34.5,35,962.1119375,,,,,,,40.3,1275.556226,24.32,5.3,,
141,945,ABCO,49.6,5.6,24.1,456.166722,,,,,,,28.7,646.9240668,20.84,4.6,,
141,946,ABCO,49.6,4.2,26.6,555.7158551,,,,,,,33.5,881.4123444,23.55,6.9,,
141,950,ABCO,41.8,0.8,29.2,669.6613244,,,,,,,38.7,1176.281982,24.16,9.5,,
141,953,ABCO,35.2,9,20.5,330.0632994,,,,,,,25.9,526.852497,20.06,5.4,,
141,954,ABCO,41.8,14,27.5,593.9568594,,,,,,,27.9,611.361268,14.75,0.4,,
141,955,ABCO,34.7,12.2,27.2,581.0684864,,,,,,,32.3,819.3973578,22.14,5.1,,
141,956,ABCO,29.5,12.5,25.5,510.7047244,,,,,,,29.9,702.153219,24.15,4.4,,
141,957,ABCO,27.7,14.3,21.2,352.9890524,DSF,,,,,,22.1,383.595993,18.82,0.9,,DSF
141,967,ABCO,18.2,14.9,22.5,397.6074844,,,,,,,27.8,606.9866039,19.8,5.3,,DSF
141,5649,ABCO,39.9,24.5,21.6,366.4350576,LF,1.5,1.5,1,2,2,22.2,387.0753039,17.32,0.6,,DFF
147,354,ABCO,39.3,10,32.4,824.4788796,LE,2,2,2,2,2,36.1,1023.537876,19.27,3.7,,DSF
147,992,ABCO,15.3,16.7,27.4,589.6450271,LG,2,1,2,2,2,30.8,745.0594844,16.36,3.4,,DSF
147,993,ABCO,17.7,17,20.2,320.4735959,LF,2,2,1,2,2,23.1,419.09596,17.85,2.9,,DSF
147,994,ABCO,12.8,24,19.7,304.8049158,LG,2,2,1,2,2,24.1,456.166722,19.04,4.4,,x
147,999,ABCO,2.1,27.7,22,380.13239,LG,2,2,1,2,2,25.3,502.7250858,16.53,3.3,,x
147,0-8-101,ABCO,20,13,23,415.4752775,LF,2,2,1,2,2,23.7,441.1499218,18.31,0.7,,x
151,2574,ABCO,11,44.3,24.4,467.5942556,LE,2,2,1,2,2,34,907.91951,12.68,9.6,,x
156,562,ABCO,15.1,27.1,48,1809.55584,LE,2,2,2,2,2,50.8,2026.828204,20.18,2.8,,x
156,565,ABCO,11.3,45.2,30.9,749.905387,LE,2,2,2,2,2,36.2,1029.2163,16.91,5.3,,x
156,573,ABCO,6.8,23.1,28.2,624.5795079,LE,2,2,2,2,2,33.8,897.2695199,15.66,5.6,,x
156,579,ABCO,29.8,27.4,6.7,35.25649378,LE,2,2,2,2,2,9.3,67.92902978,4.73,2.6,,x
156,801,ABCO,10.5,40.2,24.5,471.4348494,LE,2,2,2,2,2,26,530.92871,13.18,1.5,,x
164,596,ABCO,15.6,18.4,25.3,502.7250858,,,,,,,26.8,564.1039004,13.29,1.5,,x
164,636,ABCO,34,2.3,71.4,4003.925039,,,,,,,73.3,4219.854374,33.27,1.9,,x
164,641,ABCO,19.1,7.2,44.8,1576.324198,,,,,,,46,1661.90111,14.88,1.2,,x
164,642,ABCO,16.3,11.7,29.5,683.4921744,,,,,,,29.4,678.8661831,20.79,-0.1,,x
164,643,ABCO,16.1,13,29.4,678.8661831,,,,,,,31.2,764.5373424,18.41,1.8,,x
164,645,ABCO,14.9,12.5,25.9,526.852497,,,,,,,26,530.92871,15.68,0.1,,x
164,647,ABCO,13.4,12.8,26,530.92871,,,,,,,28,615.75164,16.44,2,,x
164,648,ABCO,12.7,13.7,30,706.85775,,,,,,,32.4,824.4788796,16.1,2.4,,x
113,1419,PIFL,35.1,12.6,43,1452.199978,LG,2,0.5,1.5,2,0,43.5,1486.168419,13.05,0.5,,x
127,2002,PIFL,25.9,3.4,41.7,1365.719859,,2,2,1,2,2,44,1520.52956,24.23,2.3,,x
127,2069,PIFL,8.2,49.1,25.5,510.7047244,,2,2,2,2,2,27,572.5547775,17.78,1.5,,x
127,2070,PIFL,12.6,49.9,22,380.13239,,2,2,1,2,2,26.8,564.1039004,17.03,4.8,,x
127,2071,PIFL,10.4,41.5,22.9,411.870303,,2,2,1,2,1,24.1,456.166722,17.21,1.2,,x
127,2086,PIFL,43.9,35.7,21,346.3602975,,2,1,1,2,2,31.2,764.5373424,20.06,10.2,,x
127,2091,PIFL,41.8,49.5,29.8,697.4643959,,2,2,1,2,2,30.5,730.6160244,17.66,0.7,,x
127,2095,PIFL,31.2,9.7,29.3,674.2558998,,,,,,,,0,,,,x
127,2189,PIFL,40,13.2,25.7,518.7471948,,1,1,1,2,2,28.4,633.4702076,19.84,2.7,,x
127,2194,PIFL,8,2.5,22,380.13239,,2,2,1,2,2,24.5,471.4348494,12.43,2.5,,x
127,2195,PIFL,11.1,1.3,30.9,749.905387,,2,1,1,2,1,35.1,967.617574,13.64,4.2,,x
137,2175,PIFL,3.3,25.3,20.9,343.069482,LE,2,2,2,2,2,24.5,471.4348494,10.95,3.6,,x
141,936,PIFL,39,22.1,24.4,467.5942556,LE,2,2,1,2,2,27,572.5547775,18.55,2.6,,x
145,1980,PIFL,3,5.6,8.2,52.8101279,LF,1,1,1.5,2,2,10.1,80.11839898,6.13,1.9,,x
145,1982,PIFL,1.1,7.5,5.2,21.2371484,LE,2,2,2,2,2,7.3,41.85383278,4.74,2.1,,x
145,1983,PIFL,3,5.6,6,28.27431,LF,1,1,1,2,2,6.8,36.3167804,5.79,0.8,,x
147,1370,PIFL,29.1,32.1,5.9,27.33968698,LP,,,,,,,0,,,,x
147,1446,PIFL,26.2,31,6.6,34.2119151,LG,2,2,2,2,2,10.1,80.11839898,6.88,3.5,,burned up
154,364,PIFL,42.2,18.6,18.6,271.7161191,LG,1,2,1,2,1,49.2,1901.164604,15.6,30.6,,DSF
154,368,PIFL,30,17.2,17.2,232.3519964,LE,2,1,2,2,2,57.7,2614.816043,17.72,40.5,,DSF
154,370,PIFL,32.3,29.7,29.7,692.7912808,LG,1,2,2,2,2,23.8,444.8805599,9.09,-5.9,,DSF
154,1714,PIFL,23,22.2,14.2,158.3675519,LG,2,2,1,2,2,15.7,193.5926298,8.72,1.5,,DSF
154,1715,PIFL,17.6,18,5.2,21.2371484,LG,2,2,1,2,1,13.8,149.5710999,4.72,8.6,,DSF
154,1722,PIFL,24.3,21.4,5.6,24.6300656,LF,1,1,2,2,2,7.4,43.0083671,4.37,1.8,,DSF
154,1725,PIFL,15.7,17.9,5.6,24.6300656,LG,missing,,,,,,0,,,,DSF
154,1727,PIFL,15.6,17.8,9.2,66.4760444,LF,2,1,1,2,1,17.7,246.0571828,6.12,8.5,,DSF
154,1744,PIFL,47.2,1.9,49.2,1901.164604,LE,2,2,2,2,2,51,2042.818898,14.46,1.8,,DSF
156,578,PIFL,27.6,28.2,11.4,102.0702591,LF,1,1,1,2,2,14.6,167.4153311,11.21,3.2,,
158,687,PIFL,10.9,2.1,19.9,311.025264,LG,1.5,2,2,2,2,21.6,366.4350576,11.9,1.7,,
164,597,PIFL,17.7,17.1,21.5,363.0499944,,,,,,,22.5,397.6074844,15.51,1,,
166,734,PIFL,13.8,25.6,19.8,307.9072359,LG,1.5,2,1,0,2,25.1,494.808279,12.44,5.3,,
166,773,PIFL,30.3,12.8,21.5,363.0499944,LG,1,2,2,2,2,23.8,444.8805599,12.95,2.3,,
113,1343,PIPO,33.3,35,25.1,494.808279,DSF,,,,,,,0,,,,
113,1364,PIPO,15.9,20.2,34.3,924.0123048,DSF,,,,,,,0,,,,
113,1365,PIPO,6.5,23,43.2,1465.74023,LF,1.5,1.5,1.5,1.5,1,42.4,1411.95621,14.88,-0.8,,
113,1366,PIPO,2,34,31.4,774.3705191,LG,2,2,2,2,2,35.5,989.7971994,15.39,4.1,,
113,1367,PIPO,16.4,22.3,47.4,1764.599687,LG,1,2,2,1,1,47.7,1787.007078,20.87,0.3,,
113,1401,PIPO,33.4,38.9,40.1,1262.927034,LF,2,1,1,2,1.5,40.2,1269.233776,17.54,0.1,,
113,1402,PIPO,31.5,38.5,40.5,1288.248249,LF,2,1,1,2,2,42.4,1411.95621,18.63,1.9,,
113,1403,PIPO,28.5,40.2,42.1,1392.046383,LF,2,2,2,2,2,42.3,1405.303893,15.79,0.2,,
113,1404,PIPO,26.8,35.2,29.5,683.4921744,LF,2,2,1,2,1.5,31.1,759.644316,9.76,1.6,,
113,1405,PIPO,27.2,35.8,25.5,510.7047244,LG,2,2,2,2,2,27.2,581.0684864,12.49,1.7,,
113,1406,PIPO,23.4,49.2,36.3,1034.910432,LG,2,1,1,2,2,37.2,1086.864476,18.05,0.9,,
113,1407,PIPO,13.5,43.9,27.9,611.361268,LE,2,2,2,2,2,31.1,759.644316,12.32,3.2,,
113,1408,PIPO,8.7,40.5,39.6,1231.628944,LF,1,1,2,1,2,39.5,1225.416449,16.52,-0.1,,
113,1409,PIPO,0.5,37.3,39.3,1213.038585,LG,2,2,2,1,2,41,1320.253198,18.28,1.7,,
113,1410,PIPO,0.2,42.3,33.7,891.9680868,LG,2,2,1.5,2,2,35.4,984.2287311,8.65,1.7,,
113,1417,PIPO,14.1,5.8,50.2,1979.233116,LG,2,2,1,2,2,51.6,2091.167968,18.9,1.4,,
113,1418,PIPO,22.5,11.9,49.5,1924.420224,LF,,,,,,,0,,,,
113,1428,PIPO,36.4,6,84.9,5661.153034,LG,,,,,,,0,,,,
113,1433,PIPO,41.8,30.1,48.1,1817.10351,LG,2,2,2,2,1.5,48.1,1817.10351,16.43,0,,
113,1435,PIPO,41.7,24.5,38.3,1152.091739,LG,1.5,1.5,1,2,2,40.7,1301.003105,13.92,2.4,,
113,1437,PIPO,33.7,28.7,30.2,716.3139359,LG,2,1.5,1,2,2,31.8,794.2253679,14.47,1.6,,
113,1438,PIPO,35.3,27.3,30,706.85775,LF,2,1,1,2,1,30.8,745.0594844,8.02,0.8,,
113,1439,PIPO,34.6,30.7,25.3,502.7250858,LP,1,1,0.5,1,1,24.1,456.166722,11.91,-1.2,,
113,1440,PIPO,32.9,34.3,29.5,683.4921744,LF,2,1,1,2,1,29.6,688.1338736,13.42,0.1,,
113,1452,PIPO,18.9,28.3,33.3,870.9194338,LP,,,,,,,0,,,,
113,1455,PIPO,19.8,26.7,44.9,1583.369214,LG,,,,,,,0,,,,
113,5644,PIPO,48,20.4,51.2,2058.872422,LF,2,2,1,2,1,51,2042.818898,19.14,-0.2,,
125,1101,PIPO,43.9,11,26.9,568.321485,LG,2,1,1,2,2,31.6,784.2665276,19.95,4.7,,
125,1102,PIPO,42.2,8.7,25.4,506.7070511,LG,2,2,1,2,2,30.2,716.3139359,20.28,4.8,,
125,1103,PIPO,32.6,10.1,32.1,809.281438,LF,2,1,0,2,5,31.9,799.22835,12.44,-0.2,,
125,1104,PIPO,29,10.8,28.1,620.15772,LF,2,1,1,2,2,28.4,633.4702076,16.53,0.3,,
125,1105,PIPO,30.8,10,56.6,2516.068015,DSL,,,,,,,0,,,,
125,1106,PIPO,28.2,12.7,56.4,2498.318032,LG,,,,,,,0,,,,
125,1107,PIPO,25.3,9.2,62.5,3067.958984,LE,2,2,2,2,2,59.6,2789.857584,18.59,-2.9,,
125,1108,PIPO,5.5,14.8,26.2,539.1282599,LF,,,,,,,0,,,,
125,1109,PIPO,4.4,12.2,25.8,522.7919919,LG,2,2,1,2,2,29.4,678.8661831,21.21,3.6,,
125,1110,PIPO,20,0.6,27.1,576.803778,LG,2,2,1,2,2,30.3,721.0655908,17.31,3.2,,
125,1111,PIPO,17,1.9,56.1,2471.810866,LG,2,2,2,2,2,58.2,2660.329828,28.25,2.1,,
125,1121,PIPO,18.5,16.1,19.3,292.5527148,LG,,,,,,,0,,,,
125,1133,PIPO,15.8,25.2,28,615.75164,LG,2,2,1.5,2,2,32.1,809.281438,17.26,4.1,,
125,1142,PIPO,22.7,22.1,21.6,366.4350576,LG,2,2,1,2,2,25.6,514.7181056,14.7,4,,
125,1145,PIPO,24.8,24.4,20.6,333.2912831,LG,0,0,1,0,0,25.2,498.7588284,13.19,4.6,,
125,1149,PIPO,4,0.3,31.8,794.2253679,LP,2,1,1,2,0,32.8,844.9620464,18.84,1,,
125,1166,PIPO,12,2.2,45.2,1604.598508,LG,2,2,2,2,2,46.8,1720.20902,28.42,1.6,,
125,1167,PIPO,12.5,1.8,40.9,1313.820792,LP,0.5,0.5,0.5,2,1,41.3,1339.644662,22.69,0.4,,
125,1245,PIPO,47.4,14.4,25.5,510.7047244,LG,2,2,1,2,2,31.2,764.5373424,16.37,5.7,,
125,1248,PIPO,29.6,49.5,54.8,2358.580108,LF,2,1.5,2,2,2,53.7,2264.842917,23.91,-1.1,,
125,1252,PIPO,42.9,41.4,58.1,2651.195655,LE,2,2,2,2,2,60,2827.431,23.74,1.9,,
125,1255,PIPO,4.2,39.1,35.5,989.7971994,DSF,,,,,,,0,,,,
125,1269,PIPO,4.6,42.2,29,660.5192975,LG,,,,,,,0,,,,
125,1279,PIPO,2.3,43.6,25,490.8734375,LG,,,,,,,0,,,,
125,1282,PIPO,14,14.5,29.8,697.4643959,LG,2,2,2,2,2,33.8,897.2695199,18.74,4,,
125,1283,PIPO,10.7,23,27.6,598.2843996,LG,2,1,1,2,2,30.5,730.6160244,17.82,2.9,,
125,1284,PIPO,9.8,17.6,28.4,633.4702076,LF,,,,,,,0,,,,
125,1285,PIPO,0.7,18.7,28,615.75164,LE,,,,,,,0,,,,
125,1286,PIPO,5,18,28.5,637.9391194,LG,,,,,,,0,,,,
125,1287,PIPO,0.2,30.2,27.6,598.2843996,LE,2,1,1,2,2,34.4,929.4079856,18.35,6.8,,
125,1288,PIPO,0.6,32.6,29,660.5192975,LE,2,2,2,2,2,33.4,876.1580351,18.6,4.4,,
125,1289,PIPO,10.8,30.1,29.1,665.082457,LG,2,2,2,2,2,33.3,870.9194338,17.12,4.2,,
125,1291,PIPO,31.9,15.4,46.5,1698.225744,LG,2,1,1.5,2,1,47,1734.943078,23.73,0.5,,
125,1292,PIPO,31.6,18.9,39,1194.589598,LG,2,2,1.5,2,2,42.2,1398.667284,21.97,3.2,,
125,1293,PIPO,29,23.1,53,2206.181578,LE,2,2,2,2,2,54,2290.21911,21.16,1,,
125,1294,PIPO,35.8,26.2,42,1385.44119,LG,2,2,2,2,2,45.1,1597.506369,19.28,3.1,,
125,1295,PIPO,35,21.4,27.7,602.6276478,LG,2,2,1,2,2,30.1,711.577989,17.5,2.4,,
125,1296,PIPO,34.9,15.6,31.1,759.644316,LG,2,2,1,2,2,32.9,850.122108,16.86,1.8,,
125,1297,PIPO,39.8,14.9,28.3,629.0170038,LG,2,2,1,2,1,30.4,725.8329536,15.58,2.1,,
125,1298,PIPO,44.3,21.4,38.8,1182.368812,LF,2,2,1,2,0,41,1320.253198,15.31,2.2,,
125,1606,PIPO,17,33,59.1,2743.244242,LG,2,2,2,2,2,58.9,2724.708861,20.66,-0.2,,
125,1607,PIPO,10.1,37.8,36.2,1029.2163,LG,2,1,1,2,2,37,1075.209178,21.54,0.8,,
125,1608,PIPO,28.5,34.9,32.4,824.4788796,LE,2,1.5,1,2,2,35.3,978.6759708,16.97,2.9,,
125,3000,PIPO,35.3,1.6,26.8,564.1039004,LF,2,2,2,2,2,29.9,702.153219,16.29,3.1,,
127,2001,PIPO,29.9,11.7,60.6,2884.262363,,,,,,,,0,,,,
127,2003,PIPO,23.4,1.2,49.1,1893.444147,,2,2,2,2,2,52.1,2131.890828,28.11,3,,
127,2004,PIPO,23.8,11.3,36.5,1046.345819,,2,1,1,2,2,39.2,1206.873214,23.32,2.7,,
127,2005,PIPO,24,11.3,26.9,568.321485,,2,2,1,2,1,29.2,669.6613244,21.87,2.3,,
127,2012,PIPO,18.2,15.4,43.6,1493.009232,,1,2,1,2,2,46.1,1669.134621,24.42,2.5,,
127,2013,PIPO,39,27.6,29.8,697.4643959,,2,1,1,2,2,31.6,784.2665276,22.48,1.8,,DFI
127,2014,PIPO,41,25,28.8,651.4401024,,2,2,1,2,2,31,754.7669975,20.88,2.2,,DSB
127,2019,PIPO,45.9,21.5,25.1,494.808279,,2,1,1,2,2,26.3,543.2515968,19.19,1.2,,DSF
127,2023,PIPO,48,33.4,49.5,1924.420224,,1,2,1,2,2,50.5,2002.959974,20.47,1,,missing
127,2024,PIPO,39.5,31.5,67.6,3589.07808,,,,,,,,0,,,,missing
127,2025,PIPO,38.2,33.2,27.6,598.2843996,,1,1,1,2,2,31.3,769.4460768,22.3,3.7,,missing
127,2026,PIPO,36.5,32.6,35,962.1119375,,,,,,,,0,,,,missing
127,2027,PIPO,37.1,29.1,39.1,1200.723552,,2,2,2,2,2,41.8,1372.277928,25.49,2.7,,DSF
127,2028,PIPO,33.3,31.7,40.5,1288.248249,,2,2,2,2,2,43.6,1493.009232,26.83,3.1,,x
127,2031,PIPO,28.9,33.1,27.7,602.6276478,,2,2,1,2,2,29.6,688.1338736,22.23,1.9,,x
127,2032,PIPO,23.9,35,26.7,559.9020238,,2,2,1,2,1,27.9,611.361268,18.63,1.2,,x
127,2033,PIPO,23.7,30.8,29.8,697.4643959,,2,1,1,2,2,32.4,824.4788796,24.5,2.6,,x
127,2035,PIPO,24.3,16.9,65.5,3369.551624,,2,2,1,2,2,65.5,3369.551624,31.87,0,,x
127,2036,PIPO,18.9,22.2,35.3,978.6759708,,2,1,1,2,1,35.9,1012.228152,18.97,0.6,,x
127,2037,PIPO,16.2,26.6,40.9,1313.820792,,2,2,1,2,1,43.5,1486.168419,24.18,2.6,,x
127,2038,PIPO,18,29.7,32.7,839.8176928,,2,1,1,2,1,34.3,924.0123048,22.59,1.6,,x
127,2039,PIPO,13.2,33,30.2,716.3139359,,2,1,1,2,1,31.5,779.3106694,19.86,1.3,,x
127,2040,PIPO,15.8,29.1,29,660.5192975,,2,2,1,2,2,30.4,725.8329536,21.9,1.4,,x
127,2044,PIPO,9.9,16,32,804.24704,,1,1,1,2,2,34.9,956.622009,20.36,2.9,,x
127,2045,PIPO,6.6,16.5,34.9,956.622009,,2,1,2,2,2,37.1,1081.028973,23.99,2.2,,x
127,2046,PIPO,7.9,22,35.5,989.7971994,,2,1.5,2,2,2,38.4,1158.115738,24.77,2.9,,x
127,2047,PIPO,7.5,25.5,36.8,1063.61671,,2,2,2,2,2,38.9,1188.471351,22.68,2.1,,x
127,2052,PIPO,1.5,23.2,25.5,510.7047244,,2,2,1,2,2,26.8,564.1039004,20.22,1.3,,x
127,2054,PIPO,3.1,15,43.1,1458.96225,,2,2,2,2,2,47.2,1749.739966,22.23,4.1,,x
127,2056,PIPO,33.1,20.1,16,201.06176,,,,,,,,0,,,,x
127,2057,PIPO,33.7,20.5,30.4,725.8329536,,1,2,1,2,2,32.9,850.122108,26.6,2.5,,x
127,2058,PIPO,26.7,22.6,35.8,1006.596852,,2,2,1,2,2,38,1134.11399,23.05,2.2,,x
127,2059,PIPO,30.8,22.1,13.6,145.2671216,,2,1,1,2,1,13.8,149.5710999,12.1,0.2,,x
127,2061,PIPO,28.6,21.1,24,452.38896,,2,1,1,2,0,24.8,483.0508784,14.88,0.8,,x
127,2064,PIPO,32.2,23,20.3,323.6544558,,2,1,1,2,1,20.8,339.7943744,18.6,0.5,,x
127,2067,PIPO,34.1,23.1,10.7,89.92015978,,2,0,1,2,0,10.7,89.92015978,9.23,0,,x
127,2068,PIPO,6.7,48.5,35,962.1119375,2,2,2,2,2,2,37.8,1122.207364,23.49,2.8,,x
127,2072,PIPO,10.9,40.7,27.5,593.9568594,,2,2,1,1,1,30.2,716.3139359,20.29,2.7,,x
127,2073,PIPO,11.3,35.4,27.2,581.0684864,,2,2,1,2,1,27.6,598.2843996,22.37,0.4,,x
127,2074,PIPO,11.2,36.2,27,572.5547775,,2,1,1,2,1,27,572.5547775,24.6,0,,x
127,2075,PIPO,14.9,42.3,74.7,4382.588736,,1,1,1,2,2,73.6,4254.466842,29.95,-1.1,,x
127,2076,PIPO,22.1,38.6,34.1,913.268067,,2,2,1,2,2,36.5,1046.345819,28.86,2.4,,x
127,2077,PIPO,19.7,49.5,38,1134.11399,,2,0,1,2,0,38,1134.11399,12.99,0,,x
127,2079,PIPO,22,47,48.5,1847.451269,,2,2,1,2,1,49.6,1932.203514,22.03,1.1,,x
127,2080,PIPO,28.9,41.2,40.5,1288.248249,,2,2,2,2,2,42.4,1411.95621,26.18,1.9,,x
127,2081,PIPO,33.3,42.5,26.3,543.2515968,,2,2,1,2,1,27.7,602.6276478,22.54,1.4,,x
127,2082,PIPO,33.8,46.2,28.7,646.9240668,,2,1,1,2,2,28.6,642.4237391,22.54,-0.1,,x
127,2083,PIPO,37.2,46.5,29.2,669.6613244,,2,1,1,2,2,31.8,794.2253679,23.7,2.6,,x
127,2089,PIPO,43.6,45.1,25,490.8734375,,2,2,1,2,1,25.9,526.852497,21.91,0.9,,x
127,2090,PIPO,44.3,48.2,56.5,2507.185169,,2,2,2,2,2,58.2,2660.329828,28.97,1.7,,DFI
127,2092,PIPO,38.9,49.5,33.6,886.6823616,,2,1,1,2,2,35.6,995.3813756,24.92,2,,DFL
127,2190,PIPO,39.2,11.3,36.1,1023.537876,,2,2,2,2,2,38.6,1170.210859,24.14,2.5,,DSF
127,2191,PIPO,38.5,10.5,41.2,1333.165132,,2,2,2,2,2,43.3,1472.533919,28.89,2.1,,DSL
127,2196,PIPO,15,0.6,25.2,498.7588284,,2,2,2,2,0,28,615.75164,14.39,2.8,,DSL
127,2198,PIPO,43.4,1.2,44,1520.52956,,2,2,2,2,2,45.5,1625.969174,25.99,1.5,,DSB
127,2200,pipo,34.5,2.5,81.5,5216.806544,,2,2,2,2,2,79.1,4914.082932,31.36,-2.4,,DSI
127,5999,PIPO,31.5,20.5,10.1,80.11839898,,2,1,0,2,0,10.5,86.59007438,7.38,0.4,,
127,6000,PIPO,31,25,8.4,55.4176476,,,,,,,,0,,,,
137,2127,PIPO,12.7,6.3,30.2,716.3139359,LF,2,1,1,2,2,31,754.7669975,15.15,0.8,,
137,2129,PIPO,1,44.7,26.9,568.321485,LG,1,2,2,2,2,28.4,633.4702076,12.43,1.5,,
137,2131,PIPO,13.9,45.9,50,1963.49375,DFI,,,,,,,0,,,,
137,2132,PIPO,25,48.7,40.3,1275.556226,DFL,,,,,,,0,,,,
137,2134,PIPO,49.5,38.1,64.1,3227.049102,DSF,,,,,,,0,,,,
137,2135,PIPO,47.3,11.6,53.9,2281.744671,LE,2,2,2,2,1,54.3,2315.736675,21.13,0.4,,
137,2136,PIPO,46.2,4.1,32.8,844.9620464,LG,2,2,2,2,2,34.1,913.268067,14.51,1.3,,
137,2137,PIPO,34.4,4.7,56.9,2542.8108,LE,2,2,2,2,2,57.4,2587.696267,20.52,0.5,,
137,2138,PIPO,31.7,3.6,38.9,1188.471351,LF,2,1,1,2,2,38.9,1188.471351,15.32,0,,
137,2139,PIPO,29.3,11.1,35.5,989.7971994,LF,2,2,1,2,2,35.9,1012.228152,17.24,0.4,,
137,2140,PIPO,26.8,10.8,46,1661.90111,LG,2,2,2,2,2,46.4,1690.929402,18.4,0.4,,
137,2141,PIPO,24.1,5,50.9,2034.815697,LG,2,2,1,2,1,51.3,2066.922747,16.07,0.4,,
137,2142,PIPO,19.6,2.4,38.6,1170.210859,DSL,,,,,,,0,,,,
137,2144,PIPO,14.5,7.7,34.7,945.6892758,DSL,,,,,,,0,,,,
137,2145,PIPO,15.2,12.9,39,1194.589598,LG,2,1,2,2,1,38.6,1170.210859,19.83,-0.4,,
137,2147,PIPO,9,8.9,34.4,929.4079856,LG,2,2,1,2,2,35.7,1000.98126,18.86,1.3,,
137,2148,PIPO,7.8,5.2,30.1,711.577989,LF,2,1,1,2,2,30.5,730.6160244,14.69,0.4,,
137,2149,PIPO,6,4.4,39.5,1225.416449,LF,2,2,1,2,1,39.8,1244.101056,15.53,0.3,,
137,2150,PIPO,7.2,8,42,1385.44119,LF,2,1,2,2,2,42.6,1425.307967,19.07,0.6,,
137,2151,PIPO,5.7,10.5,44.1,1527.448912,LG,2,2,2,2,1,44.1,1527.448912,19.33,0,,
137,2152,PIPO,2.9,4.7,31.8,794.2253679,LG,1,1,1,2,2,32,804.24704,14.03,0.2,,
137,2153,PIPO,5.3,1.9,35.5,989.7971994,LG,2,2,1,2,1,35.9,1012.228152,12.86,0.4,,
137,2161,PIPO,22.4,21.7,48.5,1847.451269,LF,1,2,2,2,0,48.1,1817.10351,17.96,-0.4,,
137,2163,PIPO,26.9,17.6,33.1,860.489355,LG,2,2,1,2,2,34.5,934.8193744,13.36,1.4,,
137,2164,PIPO,41.5,15.4,45.8,1647.481212,LF,2,1,1,2,1,46.6,1705.537795,15.58,0.8,,
137,2165,PIPO,47.4,18.6,58.8,2715.464732,LF,2,1,1,2,1,58.1,2651.195655,19.28,-0.7,,
137,2166,PIPO,47.7,25.9,36.5,1046.345819,LG,2,2,1,2,2,37.2,1086.864476,18.54,0.7,,
137,2167,PIPO,42.8,28.1,32.4,824.4788796,LF,2,1,1,2,1,32.8,844.9620464,18.4,0.4,,
137,2168,PIPO,43.7,34,38.1,1140.090865,LP,2,2,1,2,2,37.9,1128.152823,19.5,-0.2,,
137,2169,PIPO,41.7,32.3,45.6,1633.124146,LG,2,2,1,2,1,47.1,1742.333668,18.06,1.5,,
137,2170,PIPO,38.7,31.9,50.8,2026.828204,LG,2,2,1,2,2,50.6,2010.900343,18.71,-0.2,,
137,2173,PIPO,20.7,37,45.6,1633.124146,LG,2,2,1,2,2,45.8,1647.481212,15.06,0.2,,
137,2174,PIPO,7.2,27.6,33.7,891.9680868,LF,2,1,1,2,1,34.5,934.8193744,17.6,0.8,,
137,2177,PIPO,20.1,26.9,36.9,1069.40509,LF,2,2,1,2,1,37.2,1086.864476,19.07,0.3,,
137,2178,PIPO,21.9,26,29.9,702.153219,LF,2,2,1,2,1,31.8,794.2253679,10.72,1.9,,
137,2180,PIPO,19.8,34,56.1,2471.810866,LG,2,2,2,2,2,56.8,2533.88083,21.3,0.7,,
137,2183,PIPO,11.7,18,36.9,1069.40509,LG,2,2,1,2,2,38.2,1146.083448,19.77,1.3,,
137,2184,PIPO,10.3,12.4,26.9,568.321485,DSB,,,,,,,0,,,,
137,2185,PIPO,9.7,16.5,36.4,1040.620272,DSI,,,,,,,0,,,,
137,2186,PIPO,5.4,18.8,38.6,1170.210859,LG,2,1,1,2,2,39.8,1244.101056,18.9,1.2,,
141,901,PIPO,26,30.2,32.5,829.5761094,,,,,,,34.6,940.2464711,23.31,2.1,,
141,923,PIPO,7.9,20.8,59.1,2743.244242,,,,,,,60.8,2903.331814,38.99,1.7,,
141,926,PIPO,15.4,27.2,60.3,2855.775996,,,,,,,61.6,2980.237938,33.14,1.3,,
141,927,PIPO,17.3,27.7,38.3,1152.091739,,,,,,,38.2,1146.083448,20.61,-0.1,,
141,938,PIPO,46.9,17.4,51.4,2074.988779,,,,,,,51.5,2083.070519,30.78,0.1,,
141,963,PIPO,20.7,12.4,56.4,2498.318032,,,,,,,55.7,2436.68789,30.58,-0.7,,
141,964,PIPO,21.5,0.1,65.3,3349.005626,,,,,,,65.5,3369.551624,38.09,0.2,,
141,968,PIPO,13.9,41.1,72.8,4162.481086,,,,,,,74,4300.83671,40.14,1.2,,
141,969,PIPO,18.3,43.2,86.4,5862.960922,,,,,,,88.3,6123.657914,28.59,1.9,,
141,972,PIPO,35,36.6,79.3,4938.964325,,,,,,,79.9,5013.985494,30.82,0.6,,
141,973,PIPO,48.4,42.6,57.8,2623.887384,,,,,,,61.1,2932.053801,32.23,3.3,,
141,974,PIPO,45,48.4,76.3,4572.340772,,,,,,,76.9,4644.53451,32.79,0.6,,
143,2558,PIPO,25.8,37,52.1,2131.890828,LE,2,2,2,2,2,53.8,2273.28594,20.4,1.7,,
143,2560,PIPO,30,35.3,25.4,506.7070511,LF,2,1,1,2,2,26.4,547.3906416,20.05,1,,
143,2561,PIPO,35.3,36.4,46,1661.90111,LF,2,0.5,2,2,1.5,46.5,1698.225744,20.05,0.5,,
143,2562,PIPO,15.1,8.6,41.5,1352.650844,LE,1.5,2,2,1,2,46.9,1727.568195,14.78,5.4,,
143,2563,PIPO,24.2,7.3,61,2922.464098,LE,2,2,2,2,2,63.4,3156.952375,27.75,2.4,,
143,2567,PIPO,27.3,19.9,36.8,1063.61671,LF,2,1.5,1,2,2,35.7,1000.98126,20.49,-1.1,,
143,2572,PIPO,15.3,39.6,49.7,1940.002511,LF,2,1,1,2,2,49.9,1955.647629,23.21,0.2,,
145,1933,PIPO,30.6,35.4,64.9,3308.102124,LF,1,1,2,2,2,64.1,3227.049102,24.79,-0.8,,
145,1934,PIPO,35,41,44.7,1569.294891,LF,2,1,1.5,2,1,45.3,1611.706356,21.95,0.6,,
145,1935,PIPO,39,48.6,25.6,514.7181056,LF,2,1.5,2,2,2,27.3,585.3489028,15.81,1.7,,
145,1940,PIPO,19.6,1.7,21.3,356.3269918,LP,1,1,1,2,0,21.5,363.0499944,10.48,0.2,,
145,1941,PIPO,18.4,0.5,44.2,1534.383972,LG,2,2,2,1.5,2,45.3,1611.706356,22.02,1.1,,
145,1942,PIPO,11.1,13.8,38.2,1146.083448,LG,2,1.5,2,2,2,39.1,1200.723552,17.18,0.9,,
145,1946,PIPO,22,12.6,30.9,749.905387,LG,1.5,1.5,1.5,2,2,32.5,829.5761094,18.89,1.6,,
145,1947,PIPO,21.6,11.5,37,1075.209178,LG,2,1,2,2,2,38.1,1140.090865,17.85,1.1,,
145,1948,PIPO,49.8,5.8,33.5,881.4123444,LG,2,1.5,2,2,2,36.3,1034.910432,17.14,2.8,,
145,1950,PIPO,32.6,12.5,46.4,1690.929402,LE,2,2,2,2,2,51.4,2074.988779,17.29,5,,
145,1954,PIPO,24.2,9.8,46.5,1698.225744,DSF,2,2,2,2,2,47.4,1764.599687,20.54,0.9,,
145,1956,PIPO,27.9,11.1,30,706.85775,LF,2,1,1,2,2,30.9,749.905387,18.31,0.9,,
145,1966,PIPO,39.4,9.2,26,530.92871,LF,2,2,1,2,1,29,660.5192975,10.78,3,,
145,1967,PIPO,37.6,11.1,54.1,2298.709257,LG,2,1.5,2,2,2,55.2,2393.137598,22.16,1.1,,
145,1968,PIPO,36,13.4,27.7,602.6276478,LG,2,2,1,2,2,28.1,620.15772,23.01,0.4,,
145,1969,PIPO,37,15.9,45,1590.429938,LG,2,1.5,2,2,2,46.3,1683.648767,26.31,1.3,,
145,1970,PIPO,35.1,16.6,40.6,1294.617823,LG,2,2,1,2,2,42.5,1418.624234,24.59,1.9,,
145,1971,PIPO,43.8,18.3,25.5,510.7047244,LF,1,1,1,2,2,26.1,535.020631,14.54,0.6,,
145,1972,PIPO,45.5,13.9,27.3,585.3489028,LG,2,2,1,2,2,30.5,730.6160244,15.84,3.2,,
145,1974,PIPO,9.9,6.5,16.7,219.0395088,LF,2,1,1,2,1,16.1,203.582886,12.11,-0.6,,
145,1975,PIPO,9.7,3.1,30.2,716.3139359,LF,1.5,1,1,2,2,31.3,769.4460768,18.43,1.1,,
145,1976,PIPO,7.8,4.5,24.9,486.954304,LG,2,2,1,2,1.5,26.4,547.3906416,15.43,1.5,,
145,1977,PIPO,8.5,3,37,1075.209178,LE,2,2,2,2,2,39.2,1206.873214,19.94,2.2,,
145,1979,PIPO,4.1,6.5,36.9,1069.40509,LF,1.5,1,1,1.5,2,38.7,1176.281982,18.81,1.8,,
145,1981,PIPO,2.3,3,36.1,1023.537876,LF,1.5,1,1,2,2,36.6,1052.087075,17.48,0.5,,
145,1988,PIPO,9,40.1,25,490.8734375,LG,2,2,1.5,2,2,26.7,559.9020238,12.77,1.7,,
145,1991,PIPO,5,14.8,35.5,989.7971994,LF,2,1,1,2,2,35.8,1006.596852,18.17,0.3,,
145,1992,PIPO,5.5,14.8,43,1452.199978,DFI,1.5,1,2,1.5,2,45.5,1625.969174,21.13,2.5,,
145,1993,PIPO,7.5,14.8,29.4,678.8661831,LF,2,1,1,2,2,31.2,764.5373424,20.78,1.8,,
145,1994,PIPO,18.5,11.3,40.1,1262.927034,LE,2,2,2,2,2,42,1385.44119,16.64,1.9,,
145,1995,PIPO,18,14.3,28,615.75164,LF,1.5,1,1,2,1,29.1,665.082457,11.34,1.1,,
145,1996,PIPO,47.1,17,39.5,1225.416449,LE,2,2,2,2,2,41,1320.253198,20.5,1.5,,
147,251,pipo,50,48,66.3,3452.363937,LG,2,2,2,2,1,65.8,3400.488432,24.64,-0.5,,
147,342,PIPO,1,10.6,59.9,2818.014084,LF,1,1,1,2,2,59.6,2789.857584,29.94,-0.3,,
147,344,PIPO,10.9,0.9,33.4,876.1580351,LF,1,1,1,2,1,33.1,860.489355,20.57,-0.3,,
147,346,PIPO,16.4,1.5,25.9,526.852497,LF,2,1,1,2,2,26,530.92871,19.17,0.1,,
147,347,PIPO,17.4,3,40.1,1262.927034,DSL,,,,,,,0,,,,
147,349,PIPO,22.6,0.2,38,1134.11399,LG,2,2,1,2,2,38.6,1170.210859,25.29,0.6,,
147,352,PIPO,32.1,1.6,45,1590.429938,LG,2,2,2,2,2,46.1,1669.134621,29.33,1.1,,
147,353,PIPO,30.8,1.1,26.2,539.1282599,LF,2,2,1,2,1,26.3,543.2515968,14.29,0.1,,
147,356,PIPO,49.5,7,25.2,498.7588284,LF,2,1,1,2,2,26.8,564.1039004,17.4,1.6,,
147,358,PIPO,45.3,0.2,30,706.85775,2,2,1,1,2,1,30.3,721.0655908,13.85,0.3,,
147,984,PIPO,44.5,34.7,56.7,2524.966569,LE,1,2,2,0,2,57.2,2569.694956,25.5,0.5,,
147,985,PIPO,36,17,47,1734.943078,LG,2,1,2,2,2,48.3,1832.245974,27.85,1.3,,
147,986,PIPO,36.6,26.5,26.5,551.5453944,LG,2,1,2,0,2,28.2,624.5795079,15.19,1.7,,
147,988,PIPO,31.3,20.1,37.4,1098.582607,LF,1,1,2,2,0,37.4,1098.582607,21.13,0,,
147,989,PIPO,28.2,21.4,45.6,1633.124146,LF,2,2,1,2,2,46.6,1705.537795,25.09,1,,
147,990,PIPO,30.1,21.8,28.1,620.15772,LF,1,1,1,0,1,28.1,620.15772,23.06,0,,DSF
147,1350,PIPO,30.8,32,15.3,183.8537008,LF,1,2,1,0,2,15.8,196.0666319,11.55,0.5,,DSL
147,1358,PIPO,29,29,29.7,692.7912808,LF,1,1,2,0,0,30.2,716.3139359,10.19,0.5,,DSL
147,1493,PIPO,27.8,31.7,19.8,307.9072359,LF,0,0,2,2,0,20.1,317.308444,9.03,0.3,,
147,1494,PIPO,29.1,26.3,41.6,1359.177498,DSL,,,,,,,0,,,,
147,1704,PIPO,28.8,42.6,61.1,2932.053801,LG,,,,,,,0,,,,
149,501,PIPO,6,4.1,44.5,1555.283399,LF,2,1,1,2,1,46.3,1683.648767,20.57,1.8,,
149,502,PIPO,10.7,7.5,37.5,1104.465234,LP,2,1,1,2,1,38.2,1146.083448,20.64,0.7,,
149,503,PIPO,34.3,3.5,52.9,2197.864218,LG,1,1,2,2,2,54.3,2315.736675,20.22,1.4,,
149,504,PIPO,45.4,4.7,83.8,5515.40682,DSF,,,,,,,0,0,,,
149,505,PIPO,47.8,13.6,53.4,2239.608095,LE,2,2,2,2,2,55.6,2427.946416,17.9,2.2,,
149,506,PIPO,41.3,20,50,1963.49375,LG,2,1,2,2,2,50,1963.49375,19.47,0,,
149,507,PIPO,45.8,23,47.2,1749.739966,LG,1,2,2,2,2,48.2,1824.666888,22.11,1,,
149,509,PIPO,40.9,26.9,38.1,1140.090865,LF,1,1,1,2,2,38.8,1182.368812,20.88,0.7,,
149,510,PIPO,41.8,28.1,48.5,1847.451269,LG,2,2,1,2,2,50.3,1987.126361,23.45,1.8,,
149,511,PIPO,40.9,29.4,50.3,1987.126361,LG,2,2,1,2,2,52,2123.71484,17.84,1.7,,
149,512,PIPO,38.5,29.5,44.9,1583.369214,DSF,,,,,,,0,0,,,
149,513,PIPO,44.9,36.8,43.8,1506.73798,LE,2,2,2,2,2,47.2,1749.739966,19.77,3.4,,
149,518,PIPO,5.8,29.2,46.4,1690.929402,LF,2,1,1,2,2,47.8,1794.507624,23.09,1.4,,
149,519,PIPO,3.1,23.1,57.9,2632.974433,LF,1,2,1,2,2,58.9,2724.708861,25.72,1,,
149,520,PIPO,3.7,20.4,53.5,2248.003994,DSF,,,,,,,0,0,,,
149,524,PIPO,22,23,28,615.75164,LG,1,2,2,1,2,33.9,902.586661,15.76,5.9,,
151,259,PIPO,24.5,10.6,55.2,2393.137598,LE,2,2,1.5,2,2,61.3,2951.280332,33.2,6.1,,
151,2101,PIPO,2.6,4.5,53.6,2256.415602,LE,2,2,2,2,2,55.7,2436.68789,34,2.1,,
151,2102,PIPO,9.5,8.8,46.7,1712.865554,LF,2,1,1,2,2,48.1,1817.10351,29.34,1.4,,
151,2103,PIPO,8.4,4.1,51.1,2050.837806,LE,2,2,2,2,2,53.1,2214.514645,36.39,2,,
151,2105,PIPO,10.9,7.7,43.9,1513.625916,LG,1.5,2,2,1.5,2,45,1590.429938,27.27,1.1,,
151,2106,PIPO,11.9,8.5,28.7,646.9240668,LF,1,1.5,2,2,0,30,706.85775,13.1,1.3,,
151,2107,PIPO,13.5,10.1,51.1,2050.837806,LG,1.5,2,2,2,2,53.1,2214.514645,31.52,2,,
151,2110,PIPO,41.6,13.9,76.1,4548.401856,LG,2,2,1.5,2,0,76.3,4572.340772,21.74,0.2,,
151,2111,PIPO,48.9,7.1,72.9,4173.924328,LF,1,1,1,2,1.5,72.6,4139.641727,40.41,-0.3,,
151,2112,PIPO,31.6,2.9,83.7,5502.251412,DSI,,,,,,,0,0,,,
151,2113,PIPO,1,4.3,25.8,522.7919919,LP,2,1,1,2,1,26,530.92871,14.93,0.2,,
151,2114,PIPO,2.2,8.3,35.8,1006.596852,LF,2,1,1,2,2,37.1,1081.028973,26.88,1.3,,
151,2116,PIPO,3.4,9.4,20.5,330.0632994,LF,1,1,1,2,2,22.7,404.7074778,13.71,2.2,,
151,2117,PIPO,5.3,9,37.5,1104.465234,LF,1,1,1,2,2,39.2,1206.873214,22.06,1.7,,
151,2119,PIPO,9.5,3.1,67.4,3567.872347,LF,1,1,2,2,2,67,3525.649378,28.66,-0.4,,
151,2575,PIPO,5.7,49.3,40.1,1262.927034,DSF,,,,,,,0,0,,,
151,2576,PIPO,14.9,49,42.5,1418.624234,LF,1,1.5,2,1.5,2,43.1,1458.96225,21.52,0.6,,
151,2577,PIPO,16.7,44.3,61.5,2970.569694,LG,2,1.5,2,2,2,63.3,3147.001389,30.01,1.8,,
151,2579,PIPO,46.1,48.2,53.5,2248.003994,LE,2,2,2,2,2,56.4,2498.318032,28.43,2.9,,
151,2580,PIPO,41.9,42.8,29.9,702.153219,LF,2,2,1,2,1,30.9,749.905387,17.13,1,,
151,2581,PIPO,42,45.3,36.6,1052.087075,LG,1.5,2,2,1.5,1.5,38.3,1152.091739,25.66,1.7,,
151,2584,PIPO,31.4,18.4,64,3216.98816,LE,2,2,1.5,2,2,65.5,3369.551624,29.02,1.5,,
151,2587,PIPO,41.7,1.8,25,490.8734375,LG,2,2,1,2,2,30.7,740.2292898,23.9,5.7,,
151,2591,PIPO,28.4,0.4,50,1963.49375,LP,1,1,1,2,1,50,1963.49375,32.16,0,,
151,2593,PIPO,25.6,4.6,70.8,3936.914924,LE,2,2,2,2,2,72,4071.50064,34.43,1.2,,
151,2594,PIPO,25.9,2.8,75.4,4465.110451,LE,2,2,2,2,2,75.8,4512.611292,39.57,0.4,,
151,2596,PIPO,24.9,10.8,59.7,2799.227376,LE,2,2,1.5,2,2,61.5,2970.569694,31.02,1.8,,
151,2597,PIPO,17.9,10.3,52.1,2131.890828,LE,2,1.5,1,2,2,53,2206.181578,37.74,0.9,,
151,2599,PIPO,2,2.1,29,660.5192975,LG,2,2,1,2,2,30,706.85775,28.03,1,,x
151,2600,PIPO,3.8,0.5,33.9,902.586661,LF,2,2,2,2,0,35.7,1000.98126,20.98,1.8,,x
154,363,PIPO,50,19.2,24.9,486.954304,LG,2,2,1,2,2,51.7,2099.281124,18.75,26.8,,x
154,365,PIPO,39.7,17.7,17.7,246.0571828,LE,2,2,1,2,1,42.2,1398.667284,17.11,24.5,,x
154,366,PIPO,38,20.9,19.2,289.5289344,LG,2,1,1,2,1,31.9,799.22835,8.4,12.7,,x
154,367,PIPO,33.6,19.4,19.4,295.5922031,LG,2,2,2,2,1,40,1256.636,17.49,20.6,,x
154,372,PIPO,24,16.7,16.7,219.0395088,LG,1,1,1,2,2,48.2,1824.666888,14.93,31.5,,x
154,373,PIPO,11,22.2,22.2,387.0753039,LE,2,2,2,2,1,50.9,2034.815697,16.81,28.7,,x
154,374,PIPO,10.7,24,24,452.38896,DSL,,,,,,,0,,,,x
154,376,PIPO,4,23,23,415.4752775,LE,2,2,2,2,2,38.5,1164.155444,17.09,15.5,,x
154,377,PIPO,4.3,18.5,18.5,268.8022944,LG,2,2,2,2,2,41.3,1339.644662,15.03,22.8,,x
154,393,PIPO,46.1,36.1,34,907.91951,LG,2,2,1,2,2,34.3,924.0123048,11.36,0.3,,x
154,396,PIPO,48.2,34.3,51.9,2115.55456,LG,1,1,1,2,0,52.6,2173.006387,7.37,0.7,,x
154,399,PIPO,35.8,42.5,45.3,1611.706356,LG,2,2,1,2,2,47.4,1764.599687,16.15,2.1,,x
154,400,PIPO,29.8,46.7,31.9,799.22835,LG,2,2,2,2,2,33.3,870.9194338,8.82,1.4,,x
154,1720,PIPO,16.9,22,3.9,11.94589598,LF,1,1,0,2,0,10,78.53975,2.49,6.1,,x
154,1721,PIPO,23.5,19.8,6.8,36.3167804,LG,2,1,1,2,2,8.3,54.10603378,3.55,1.5,,x
154,1723,PIPO,22.2,20.2,12,113.09724,LG,1,2,1,2,2,12.5,122.7183594,7.58,0.5,,x
154,1726,PIPO,15.1,18,7.5,44.17860938,LG,2,2,0,2,2,8.6,58.0879991,4.44,1.1,,x
154,1728,PIPO,19.1,24.4,10,78.53975,LG,2,2,1,2,2,10.8,91.6087644,4.44,0.8,,x
154,1729,PIPO,16.6,21.9,16.8,221.6705904,LE,2,1,1,2,2,18,254.46879,8.1,1.2,,x
154,1730,PIPO,22.6,23,10.8,91.6087644,LF,2,1,1,2,2,12.4,120.7627196,8.11,1.6,,x
154,1731,PIPO,18.1,24.6,8.5,56.74496938,LF,1,1,1,2,1,8.9,62.21133598,5.01,0.4,,x
154,1732,PIPO,18.8,42.5,42.3,1405.303893,LE,2,2,2,2,2,44.3,1541.33474,16.55,2,,x
154,1733,PIPO,18.2,36.2,47.5,1772.053109,LE,2,1,1,2,2,47.8,1794.507624,11.81,0.3,,x
154,1734,PIPO,13.4,40.4,28.5,637.9391194,LG,2,2,2,2,2,29.7,692.7912808,11.23,1.2,,x
154,1735,PIPO,10.7,42.7,29.5,683.4921744,LG,2,2,1,2,2,54.9,2367.195919,15.8,25.4,,x
154,1736,PIPO,10.3,45.5,38.5,1164.155444,LF,1,1,2,2,2,39.2,1206.873214,13.79,0.7,,x
154,1738,PIPO,6.4,48.4,27.9,611.361268,LF,2,1,1,2,2,29.1,665.082457,11.43,1.2,,x
154,1739,PIPO,7.6,47.3,30.6,735.4148031,LP,2,1,1,2,1,30.6,735.4148031,14.56,0,,x
154,1740,PIPO,6.5,48.5,28.6,642.4237391,LF,2,2,1,2,2,30.5,730.6160244,14.68,1.9,,x
154,1741,PIPO,5.5,43.9,32.8,844.9620464,LF,2,1,2,2,1,32.6,834.6890471,12.75,-0.2,,x
154,1742,PIPO,1,48.5,38.7,1176.281982,LE,2,2,2,2,2,40.2,1269.233776,16.71,1.5,,x
154,1745,PIPO,44.9,-2.5,45.2,1604.598508,LG,2,2,2,2,2,46.7,1712.865554,17.36,1.5,,x
154,1746,PIPO,19,4,49.7,1940.002511,LE,2,1,2,2,2,50.2,1979.233116,17.84,0.5,,x
154,1747,PIPO,35.5,11.1,43.5,1486.168419,LF,2,2,2,2,2,44.2,1534.383972,18.82,0.7,,x
154,1748,PIPO,31,8.8,29.9,702.153219,LG,2,1,1,2,2,31.3,769.4460768,15.64,1.4,,x
154,1749,PIPO,24.6,7,38,1134.11399,LF,2,1,1,2,1,37.7,1116.277613,16.3,-0.3,,x
154,1752,PIPO,5.5,3.7,38.2,1146.083448,LF,2,2,1,2,2,40.3,1275.556226,17.31,2.1,,x
154,1753,PIPO,3.2,4.9,33.2,865.6965404,LF,2,1,1,2,1,33.5,881.4123444,12.62,0.3,,x
154,1754,PIPO,1.7,3,28.5,637.9391194,LG,2,2,2,2,2,30.2,716.3139359,14.24,1.7,,x
154,1756,PIPO,15.1,22.1,8,50.26544,LG,2,1,1,2,2,10.1,80.11839898,5.69,2.1,,x
156,533,PIPO,2.9,6,61.3,2951.280332,LG,1.5,2,1.5,0,2,61.6,2980.237938,29.86,0.3,,x
156,538,PIPO,31.6,8.9,61.6,2980.237938,LG,2,2,1.5,2,2,62.3,3048.355463,30.39,0.7,,x
156,540,PIPO,38,1.4,65,3318.304438,LG,1.5,2,1.5,2,2,66.3,3452.363937,26.71,1.3,,x
156,541,PIPO,43,10.4,63.1,3127.14654,LP,1.5,2,1,2,2,63.3,3147.001389,21.76,0.2,,x
156,545,PIPO,39.2,26.2,82.3,5319.725033,LE,2,2,2,2,2,83,5410.603378,31.9,0.7,,x
156,546,PIPO,39.3,23.8,65.8,3400.488432,LF,1.5,1.5,1.5,2,2,66.4,3462.786162,30.85,0.6,,x
156,547,PIPO,36.8,25.3,64.3,3247.21811,LG,2,1.5,1,2,2,65.5,3369.551624,42.82,1.2,,x
156,549,PIPO,48,31.4,39,1194.589598,LP,1,1,1,2,0,40,1256.636,14.12,1,,DSL
156,550,PIPO,47.4,32.6,59.9,2818.014084,LF,1,1.5,2,2,2,60.2,2846.311956,25.92,0.3,,DFI
156,551,PIPO,38.3,34.3,39.9,1250.360674,LE,2,2,2,2,2,42.4,1411.95621,22.94,2.5,,x
156,554,PIPO,28.3,23.6,39.5,1225.416449,LG,2,1.5,2,2,2,41.2,1333.165132,26.85,1.7,,
156,559,PIPO,20.3,33.4,37.2,1086.864476,LG,1,1.5,2,2,2,39.1,1200.723552,22.02,1.9,,
156,561,PIPO,17.5,26.1,34.8,951.1477884,LG,1.5,2,2,2,2,37.9,1128.152823,21.77,3.1,,
156,566,PIPO,34.4,35.2,30.1,711.577989,LF,1.5,1.5,1,2,2,33.3,870.9194338,21.01,3.2,,
156,569,PIPO,35.7,36.4,34.7,945.6892758,LP,1,1,1,2,2,37.3,1092.715688,20.13,2.6,,
156,570,PIPO,49.8,20.5,27.7,602.6276478,LF,1,1,1,2,2,31.9,799.22835,17.78,4.2,,
156,571,PIPO,37.6,33.8,28,615.75164,LP,2,1,1,2,0,28.6,642.4237391,11.61,0.6,,
156,572,PIPO,30.6,27.9,27.9,611.361268,LE,2,2,2,2,2,33.5,881.4123444,16.95,5.6,,
156,574,PIPO,2.1,24.8,26.2,539.1282599,LG,2,2,1,2,1,29.2,669.6613244,23.82,3,,
156,575,PIPO,25.9,24.6,11.4,102.0702591,LF,2,1.5,1.5,2,2,14.3,160.6059348,10.7,2.9,,
156,576,PIPO,27.8,24.2,12.6,124.6897071,,2,1,1.5,2,2,15.1,179.078484,11.01,2.5,,
156,577,PIPO,27.6,27.7,10.3,83.32282078,LF,2,1,1,2,2,12.1,114.990048,10.51,1.8,,
156,580,PIPO,30.8,28,14.7,169.7165458,LG,2,2,1.5,2,2,17,226.9798775,10.34,2.3,,
156,581,PIPO,34.6,28,17.8,248.8453439,LF,1,1.5,1.5,2,2,19.4,295.5922031,13.2,1.6,,
156,582,PIPO,34.9,28,5.1,20.42818898,LF,1.5,1,1,2,2,6.1,29.22464098,5.3,1,,
156,583,PIPO,34.5,27.8,5.8,26.4207719,LP,1,1,1,2,1,5.3,22.06181578,7.35,-0.5,,
156,584,PIPO,34.6,27.4,4.9,18.85739398,LP,2,1,1,2,0.5,5.5,23.75827438,3.24,0.6,,
156,802,PIPO,0.9,26.6,32.8,844.9620464,LG,2,1.5,1.5,2,2,34,907.91951,21.04,1.2,,
156,803,PIPO,2.1,28.6,41.5,1352.650844,LG,2,2,1,2,1,42.2,1398.667284,21.43,0.7,,
156,5594,PIPO,-0.6,-2.8,63.5,3166.919069,LE,2,2,2,2,2,63.5,3166.919069,40.8,0,,
158,653,PIPO,0.8,1.2,10.5,86.59007438,LF,2,1,1,2,2,12,113.09724,6.15,1.5,,
158,654,PIPO,2,3.9,6.9,37.39277498,LP,1.5,2,1,0.5,2,7.8,47.7835839,3.12,0.9,,
158,655,PIPO,3.5,2.6,17.3,235.0616178,LF,2,1,1.5,1,2,18,254.46879,10.4,0.7,,
158,656,PIPO,3.5,4.3,11.7,107.5130638,LP,2,2,1.5,1,2,12.3,118.8227878,8.24,0.6,,
158,657,PIPO,6,1,6.7,35.25649378,LP,1,1,1,0.5,2,7,38.4844775,3.89,0.3,,
158,658,PIPO,8.4,4.6,16.6,216.4241351,LF,2,1,2,1,2,17.9,251.649213,8.51,1.3,,
158,659,PIPO,10,2.6,11.5,103.8688194,LF,2,1.5,1,1,1.5,12.2,116.8985639,5.15,0.7,,
158,660,PIPO,10,2.7,11.2,98.5202624,LF,2,1.5,1,1,1.5,11.5,103.8688194,5.04,0.3,,
158,661,PIPO,6.9,3.9,3.3,8.552978775,LP,2,0.5,1,0,2,4.2,13.8544119,0.25,0.9,,
158,663,PIPO,8.6,4,4.9,18.85739398,,2,1,1.5,0.5,2,5.5,23.75827438,0.38,0.6,,
158,667,PIPO,0.4,7.5,16.2,206.1197199,LF,1,1,1,1.5,2,17.2,232.3519964,9.56,1,,
158,669,PIPO,4.1,8.2,7.8,47.7835839,,1.5,1.5,1,1.5,2,7.1,39.59188798,0.43,-0.7,,
158,672,PIPO,4.5,5.6,12.2,116.8985639,LF,2,1.5,1.5,1,2,12.8,128.6795264,6.85,0.6,,
158,673,PIPO,5.9,7.8,9.5,70.88212438,LF,1,1,1,1,0.5,10.2,81.7127559,0.93,0.7,,
158,674,PIPO,6.2,8.8,14.3,160.6059348,LF,2,1,1,1,1.5,16.5,213.8244694,10.08,2.2,,
158,675,PIPO,4.9,8.5,13.3,138.9289638,LF,2,0.5,1,1,2,14.7,169.7165458,10.02,1.4,,
158,676,PIPO,3,9,4.8,18.0955584,LP,1,1,1,1,1,4.8,18.0955584,7.33,0,,
158,683,PIPO,28.1,9.6,37.8,1122.207364,DSF,,,,,,36.8,1063.61671,0,-1,,
158,684,PIPO,13.5,7.6,58.5,2687.826594,LF,2,1,1,2,2,58,2642.07719,20.16,-0.5,,
158,685,PIPO,12.5,9.5,64.9,3308.102124,LP,2,0.5,2,0,1,64.7,3287.744621,19.68,-0.2,,
158,688,PIPO,25.5,7.4,36.5,1046.345819,LF,1.5,2,2,1,2,37.9,1128.152823,19.86,1.4,,
158,689,PIPO,26.7,36,49.5,1924.420224,LF,2,1,2,1,2,49.2,1901.164604,23.51,-0.3,,
158,690,PIPO,40.1,19.5,51.6,2091.167968,LG,2,2,1.5,2,1.5,52.2,2140.082524,16.03,0.6,,
158,691,PIPO,36.7,2.7,64.6,3277.589431,LG,2,2,1,2,1,72,4071.50064,6.57,7.4,,
158,696,PIPO,40.2,5.6,48.8,1870.377022,LG,2,1.5,2,2,2,48.9,1878.050356,17.88,0.1,,
158,697,PIPO,20.6,42.2,66.1,3431.566611,LG,2,1,2,2,2,65.3,3349.005626,28.7,-0.8,,
158,699,PIPO,9.9,47.5,47.1,1742.333668,LE,2,2,2,2,2,48,1809.55584,21.94,0.9,,
158,705,PIPO,44.7,9.6,35,962.1119375,LF,2,1.5,2,2,2,36.1,1023.537876,15.59,1.1,,
158,708,PIPO,33.3,11.9,47.3,1757.161973,LE,2,2,2,2,2,46.6,1705.537795,18.36,-0.7,,
158,709,PIPO,32.5,3.4,35.1,967.617574,LE,2,2,1.5,2,2,35.9,1012.228152,12.19,0.8,,
158,710,PIPO,21.6,0.6,26.5,551.5453944,LF,1.5,1,2,2,1,26.2,539.1282599,6.72,-0.3,,
158,711,PIPO,22.8,6.8,31.2,764.5373424,LF,2,1,2,2,2,32.4,824.4788796,12.5,1.2,,
162,1755,PIPO,44.6,46.5,32.2,814.3315439,LP,1.5,1,1,2,1.5,32.4,824.4788796,26.79,0.2,,
162,1758,PIPO,45,46.7,26.4,547.3906416,LP,2,1,1,2,1,26.7,559.9020238,14.39,0.3,,
162,1759,PIPO,5.5,5.3,11.3,100.2874068,LG,2,1.5,1.5,2,2,14.9,174.366099,8.88,3.6,,
162,1760,PIPO,7.8,2.5,29.3,674.2558998,LG,1.5,2,1,2,2,32,804.24704,17.65,2.7,,
162,1761,PIPO,8.8,6.3,28.7,646.9240668,LG,1.5,1.5,2,2,2,31.3,769.4460768,19.4,2.6,,
162,1762,PIPO,9.1,6.3,30.4,725.8329536,LG,2,1,1.5,2,2,31.6,784.2665276,19.67,1.2,,
162,1763,PIPO,4.4,0.3,22.9,411.870303,LG,1.5,2,2,2,2,25.4,506.7070511,15.55,2.5,,
162,1764,PIPO,8.6,9.8,31.3,769.4460768,LG,1,1.5,1.5,2,2,32.8,844.9620464,18.75,1.5,,
162,1765,PIPO,8.8,9.7,9.9,76.97680898,LP,2,1,1,2,1,10.4,84.9485936,8.8,0.5,,
162,1766,PIPO,8.3,9.5,7.9,49.01665798,LP,2,1,1,2,1,8.1,51.52992998,4.57,0.2,,
162,1767,PIPO,8.1,9.8,5.6,24.6300656,LP,2,0.5,0,2,0,4.5,15.90429938,2.44,-1.1,,
162,1769,PIPO,44.7,40.1,34.8,951.1477884,LF,2,1,1.5,2,1,35.3,978.6759708,23.54,0.5,,
162,1770,PIPO,6.9,17,42.6,1425.307967,LE,2,2,2,2,2,43.8,1506.73798,21.13,1.2,,
162,1771,PIPO,45.9,40.2,26.8,564.1039004,LF,2,1.5,1.5,2,1.5,27.7,602.6276478,13.58,0.9,,
162,1773,PIPO,45,36.7,41.5,1352.650844,LG,2,1.5,2,2,2,42.5,1418.624234,22.42,1,,
162,1774,PIPO,47.6,43.7,57,2551.756478,LE,2,2,2,2,2,58.5,2687.826594,26.89,1.5,,
162,1777,PIPO,46.6,35,28.8,651.4401024,LP,1.5,1,1,2,1,29.6,688.1338736,14.9,0.8,,
162,1778,PIPO,6.5,17,43.9,1513.625916,LG,2,2,1,2,2,43.9,1513.625916,22.37,0,,
162,1787,PIPO,9.8,5.3,32.1,809.281438,LF,2,1.5,1,2,2,34.7,945.6892758,20.63,2.6,,
162,1788,PIPO,14.5,11.5,27.6,598.2843996,LF,2,1,1,2,2,30.3,721.0655908,18.12,2.7,,
162,1789,PIPO,14.8,8.3,31.7,789.2380938,LF,1.5,1,2,2,2,33.6,886.6823616,19.56,1.9,,
162,1790,PIPO,20.9,2.1,33.1,860.489355,,1.5,1,1,2,1,33.7,891.9680868,20.91,0.6,,
162,1797,PIPO,38.9,4.3,47.1,1742.333668,LG,1.5,1,2,2,2,49.2,1901.164604,26.25,2.1,,
162,1799,PIPO,0.9,16.3,45.8,1647.481212,LF,2,1,1.5,2,2,47.4,1764.599687,25.26,1.6,,
162,2664,PIPO,43.2,36.3,30.5,730.6160244,LF,2,1,1,2,2,30.9,749.905387,22.88,0.4,,
162,2666,PIPO,49,8,34.4,929.4079856,LF,2,1,0.5,2,2,32.7,839.8176928,17.32,-1.7,,
162,2667,PIPO,39,38.5,27.5,593.9568594,LP,2,0.5,0.5,2,0,27.8,606.9866039,12.86,0.3,,
162,2668,PIPO,45.5,7.4,40.8,1307.404094,LF,1.5,1.5,1.5,2,2,42.7,1432.007408,24.18,1.9,,
162,2672,PIPO,25.7,3,45.3,1611.706356,LG,1.5,2,2,2,2,46.7,1712.865554,21.68,1.4,,
162,2674,PIPO,16.7,10.1,59.4,2771.165123,LE,2,2,2,2,2,60.8,2903.331814,30.01,1.4,,
162,2675,PIPO,46.8,47.1,38.9,1188.471351,LE,2,2,1.5,2,2,40,1256.636,33.67,1.1,,
162,2679,PIPO,9.5,6.2,40.6,1294.617823,LF,2,2,1,2,2,41.8,1372.277928,18.84,1.2,,
162,2682,PIPO,48,48,38.9,1188.471351,LF,2,1,1,2,2,39.2,1206.873214,33.94,0.3,,
162,2683,PIPO,48.9,43.7,43.2,1465.74023,LF,1.5,1,1.5,2,2,43.3,1472.533919,29.58,0.1,,
162,2686,PIPO,38.3,42.2,38.8,1182.368812,LF,2,2,1,1,1,40,1256.636,24.58,1.2,,
162,2687,PIPO,38,39.7,37.3,1092.715688,LG,1.5,2,1.5,2,2,38.8,1182.368812,28.8,1.5,,
162,2689,PIPO,25.8,14.3,63.5,3166.919069,LF,1,2,2,1,1.5,64.3,3247.21811,46.32,0.8,,
162,2696,PIPO,7,14.6,37.6,1110.36357,LF,1,1,2,2,2,38.7,1176.281982,21.84,1.1,,
164,234,PIPO,46.7,49.6,33.4,876.1580351,,,,,,,32.8,844.9620464,19.08,-0.6,,
164,591,PIPO,1.8,30.5,25.4,506.7070511,,,,,,,29,660.5192975,14.22,3.6,,
164,592,PIPO,11,24.3,44.7,1569.294891,,,,,,,43.3,1472.533919,20.78,-1.4,,
164,600,PIPO,26.6,34.4,42.3,1405.303893,,,,,,,45.5,1625.969174,25.63,3.2,,
164,601,PIPO,28.1,27.7,43.4,1479.343315,,,,,,,43.3,1472.533919,24.75,-0.1,,
164,602,PIPO,29.9,28.5,37.8,1122.207364,,,,,,,40.3,1275.556226,24.13,2.5,,
164,604,PIPO,32.9,21.8,36.7,1057.844039,,,,,,,39,1194.589598,19.78,2.3,,
164,606,PIPO,35.3,27.2,40.5,1288.248249,,,,,,,41.2,1333.165132,16.48,0.7,,
164,607,PIPO,34.4,15.3,27.7,602.6276478,,,,,,,30.6,735.4148031,19.15,2.9,,
164,608,PIPO,35,23.7,28.3,629.0170038,,,,,,,30.5,730.6160244,19.1,2.2,,
164,609,PIPO,36.3,19.2,27.6,598.2843996,,,,,,,27.8,606.9866039,18.14,0.2,,
164,610,PIPO,36.5,34.3,37.7,1116.277613,,,,,,,38.9,1188.471351,28.45,1.2,,
164,614,PIPO,25.9,26.7,21.3,356.3269918,,,,,,,21.1,349.666821,11.03,-0.2,,
164,616,PIPO,26.7,30.7,20.1,317.308444,,,,,,,22.5,397.6074844,10.12,2.4,,
164,617,PIPO,18,24,5.5,23.75827438,,,,,,,7.6,45.3645596,3.15,2.1,,
164,618,PIPO,23,24,4.5,15.90429938,,,,,,,6.4,32.1698816,3.13,1.9,,
164,623,PIPO,18.6,49.3,39.8,1244.101056,,,,,,,42.9,1445.453413,22.54,3.1,,
164,627,PIPO,18.6,40.5,51.6,2091.167968,,,,,,,51.1,2050.837806,20.96,-0.5,,
164,629,PIPO,25.7,36.4,32.5,829.5761094,,,,,,,33.2,865.6965404,21.84,0.7,,
164,631,PIPO,37.7,40.7,45,1590.429938,,,,,,,44.9,1583.369214,26.28,-0.1,,
164,633,PIPO,43.4,41.4,49.8,1947.817216,,,,,,,50.7,2018.85642,19.85,0.9,,
164,635,PIPO,45.9,0.5,46.5,1698.225744,,,,,,,46.4,1690.929402,24.3,-0.1,,
164,650,PIPO,5.7,6.2,62.5,3067.958984,,,,,,,60.8,2903.331814,23.53,-1.7,,
164,651,PIPO,4.6,9.5,30,706.85775,,,,,,,32,804.24704,11.65,2,,
164,652,PIPO,3.7,14.3,46.4,1690.929402,,,,,,,46.7,1712.865554,19.18,0.3,,
164,2995,PIPO,38.5,50,57.6,2605.76041,,,,,,,57.8,2623.887384,23.8,0.2,,
166,713,PIPO,21.9,22.2,38.7,1176.281982,LP,1,1,1,1,2,38.3,1152.091739,20.88,-0.4,,
166,717,PIPO,19,19.8,7.7,46.56621778,LP,1,1,1,0,1,,0,2.07,,,
166,721,PIPO,24.9,16.5,32.4,824.4788796,LF,1.5,1,1,1,2,32.5,829.5761094,18,0.1,,
166,722,PIPO,28.4,20.7,57.5,2596.720484,LF,1.5,1.5,2,1,2,57.6,2605.76041,21.4,0.1,,
166,723,PIPO,30.3,24.9,46.8,1720.20902,LE,2,2,1,2,2,49,1885.739398,24.22,2.2,,
166,724,PIPO,32.6,24.5,40,1256.636,LP,2,0.5,1,2,0,40.7,1301.003105,16.96,0.7,,
166,725,PIPO,44.3,24.8,29.3,674.2558998,LP,2,1,1,0,0,31.2,764.5373424,10.53,1.9,,
166,726,PIPO,38.2,27.1,38.4,1158.115738,LP,2,2,1,1,0,39.2,1206.873214,14.75,0.8,,
166,729,PIPO,23.4,27.6,26,530.92871,LP,0,0,1,0.5,0,26.2,539.1282599,12.71,0.2,,
166,733,PIPO,13.5,35.5,50.2,1979.233116,LG,2,2,1.5,0.5,2,49.7,1940.002511,17.24,-0.5,,
166,735,PIPO,5,32.4,42.8,1438.722556,LP,1,0.5,2,1.5,2,41.6,1359.177498,17.38,-1.2,,
166,736,PIPO,2.6,30.6,42.8,1438.722556,LF,1,0.5,2,1.5,2,42.5,1418.624234,18.19,-0.3,,
166,737,PIPO,4.8,19.2,47.9,1802.023878,LG,2,2,2,1,1,49.2,1901.164604,17.83,1.3,,
166,738,PIPO,4.8,22.5,27.4,589.6450271,LF,2,2,0.5,0,2,27.9,611.361268,11.88,0.5,,
166,739,PIPO,4,23,49.1,1893.444147,LG,2,2,1,1,2,49,1885.739398,16.89,-0.1,,
166,740,PIPO,43,41,26.8,564.1039004,LE,2,2,2,1,2,27.7,602.6276478,11.01,0.9,,
166,741,PIPO,39,47.2,30.4,725.8329536,LP,2,1,0,1,0,31.2,764.5373424,8.71,0.8,,
166,742,PIPO,39.7,48.9,33.9,902.586661,LF,2,1,1,2,1,34,907.91951,20.37,0.1,,
166,743,PIPO,37.6,49.7,50.4,1995.035314,LF,1,1.5,2,1,2,50.9,2034.815697,21.6,0.5,,
166,744,PIPO,38.1,47.4,39.6,1231.628944,LF,2,1,1,2,1,41.3,1339.644662,17.84,1.7,,
166,745,PIPO,30.7,39.3,53.6,2256.415602,LG,2,2,1,1,2,55.1,2384.474664,22.48,1.5,,
166,746,PIPO,16.7,45.4,52,2123.71484,LF,2,1,2,2,2,52.1,2131.890828,17.36,0.1,,
166,747,PIPO,13.6,40.4,47.5,1772.053109,LG,1.5,2,1.5,2,1,47.8,1794.507624,18.69,0.3,,
166,750,PIPO,0.9,50,34.3,924.0123048,LE,2,2,2,2,2,34.6,940.2464711,15.47,0.3,,
166,758,PIPO,15.6,10.4,41.1,1326.701311,LF,2,1,2,1,2,41.2,1333.165132,22.2,0.1,,
166,759,PIPO,1.7,11.2,29,660.5192975,LG,2,2,2,0,2,31.8,794.2253679,15.42,2.8,,
166,760,PIPO,1.9,12.9,31.3,769.4460768,LP,1,1,1,2,0,31.8,794.2253679,11.22,0.5,,
166,761,PIPO,8.4,11,36.4,1040.620272,LF,2,1,1.5,1,2,38.5,1164.155444,21.89,2.1,,
166,762,PIPO,5.2,9.5,39.9,1250.360674,LG,2,1,2,2,2,40.1,1262.927034,19.57,0.2,,
166,765,PIPO,13.2,2.2,41.4,1346.139899,LG,2,2,1,2,2,42.6,1425.307967,18.33,1.2,,
166,767,PIPO,15.2,5.9,31.5,779.3106694,DSF,,,,,,,0,0,,,
166,769,PIPO,21.2,10.7,39.8,1244.101056,LF,1,1,2,1,2,40.2,1269.233776,18.71,0.4,,
166,770,PIPO,21.7,8.8,40.4,1281.894384,LG,1.5,2,1,2,2,42,1385.44119,18.02,1.6,,
166,771,PIPO,29.9,10.8,41.5,1352.650844,LP,1,1,2,1,1,41,1320.253198,15.54,-0.5,,
166,772,PIPO,28.7,0.4,62,3019.06799,LP,1,0,2,0,0,61.8,2999.621548,0.13,-0.2,,
166,775,PIPO,38.3,0.3,33.4,876.1580351,LF,2,2,1.5,2,2,34.3,924.0123048,15.92,0.9,,
166,776,PIPO,47,5.4,72.5,4128.245609,LE,2,2,2,2,2,71.6,4026.387408,29,-0.9,,
113,1423,PIFL,23.1,0.9,24.7,479.1631608,LE,,,,,,,0,,,,
127,5998,PIFL,32,20,11.3,100.2874068,,2,2,1,2,2,11.5,103.8688194,11.05,0.2,,
127,2050,PSME,4.3,27.5,40.8,1307.404094,,,,,,,,0,,,,
141,903,POTR,31.6,27.7,23.5,433.7357694,,,,,,,23.8,444.8805599,17.02,0.3,,
113,1425,PSME,25.4,1.8,29.3,674.2558998,LE,1,1,2,2,1,33.9,902.586661,17.17,4.6,,
113,1427,PSME,29.8,7.5,30.6,735.4148031,LE,2,2,2,2,2,35,962.1119375,15.64,4.4,,
113,1432,PSME,33,15.4,33,855.2978775,LE,1,2,2,2,2,33.9,902.586661,21.16,0.9,,
113,5643,PSME,47.5,0.8,27.2,581.0684864,LE,,,,,,,0,,,,
127,2016,PSME,38.1,18.3,24.5,471.4348494,,2,2,1,2,1,26.6,555.7158551,19.14,2.1,,
127,2018,PSME,41.6,19.8,21.5,363.0499944,,2,2,1,2,2,24,452.38896,16.32,2.5,,
127,2043,PSME,13,15.6,24.5,471.4348494,,2,2,1,2,2,29,660.5192975,13.22,4.5,,
127,2084,PSME,38.6,41.9,33.6,886.6823616,,2,2,1,2,2,37.2,1086.864476,25.05,3.6,,
127,2085,PSME,43.9,37.7,22.4,394.0810496,,2,2,1,2,1,22.8,408.2810364,13.37,0.4,,
127,2093,PSME,11.3,35.5,31.3,769.4460768,,2,2,1,2,2,33.8,897.2695199,16.2,2.5,,
127,2096,PSME,38.2,8.2,26.7,559.9020238,,2,1,1,2,2,26.1,535.020631,18.7,-0.6,,
127,2097,PSME,37,9,26.6,555.7158551,,2,2,1,2,1,26.4,547.3906416,20.46,-0.2,,
127,2099,PSME,36.4,6.6,24.4,467.5942556,,2,1,1,2,1,24.8,483.0508784,17.34,0.4,,
127,2192,PSME,45.6,8.5,20.6,333.2912831,,2,2,1,2,2,23.5,433.7357694,14.33,2.9,,
127,9999,PSME,26,11,33.7,891.9680868,,,,,,,,0,,,,
137,2126,PSME,39.6,1.8,20.5,330.0632994,LG,2,2,2,2,2,24.2,459.9601919,13.3,3.7,,
137,2176,PSME,24.3,27,9,63.6171975,LE,2,2,2,2,2,9.3,67.92902978,3.8,0.3,,
147,348,PSME,23.8,8.4,24.1,456.166722,LG,2,2,2,2,2,27.8,606.9866039,19.74,3.7,,
147,351,PSME,21.6,11.9,20.2,320.4735959,LF,2,1,1,2,2,22.2,387.0753039,20.43,2,,
147,355,PSME,46.1,12.7,32.2,814.3315439,LE,2,2,2,2,2,35.8,1006.596852,20.71,3.6,,
154,1716,PSME,50,4.1,56.9,2542.8108,LE,2,2,1,2,2,57.3,2578.687758,19.8,0.4,,
154,1724,PSME,15.2,23.9,5.4,22.9021911,LG,2,2,1,2,2,9.6,72.3822336,6.74,4.2,,
156,567,PSME,40,47.2,33.5,881.4123444,LE,2,2,2,2,2,37.1,1081.028973,11.57,3.6,,
158,704,PSME,45.8,8.6,53.5,2248.003994,LF,2,1,1,2,1,52.8,2189.562566,15.75,-0.7,,
164,620,PSME,9.8,40.6,32.5,829.5761094,,,,,,,35.6,995.3813756,17.85,3.1,,
164,637,PSME,33.5,3,26.9,568.321485,,,,,,,28,615.75164,23.27,1.1,,
164,640,PSME,18.7,11.9,39.5,1225.416449,,,,,,,38.4,1158.115738,21.83,-1.1,,
164,646,PSME,16.1,9.8,29,660.5192975,,,,,,,30.8,745.0594844,14.22,1.8,,
166,766,PSME,14.6,3.5,67.7,3599.704508,LE,2,2,2,2,2,69.3,3771.86364,25.43,1.6,,
154,375,UNK,10.5,25.7,25.7,518.7471948,DFI,,,,,,,0,,,,
127,5997,,,,,0,,2,2,1,2,2,24,452.38896,14.47,24,,
156,558,,,,,0,DSI,,,,,,,0,0,,,
166,71t,,,,,0,LE,2,2,2,2,2,20,314.159,8.32,20,,
